Protein accession,Locus tag,FC,Description,Name,evalue,score,COG_category,Preferred_name,KEGG_ko,PFAMs,Pathway_name,Strain
UZK36754.1,EAV54_00335,1.738343824,"Hydroxyphenylpyruvate dioxygenase, HPPD, N-terminal",4-hydroxyphenylpyruvate dioxygenase,8.44E-264,721,E,hppD,K00457,"Glyoxalase,Glyoxalase_5",Ubiquinone and other terpenoid-quinone biosynthesis,Ab ATCC 17978
UZK36754.1,EAV54_00335,1.738343824,"Hydroxyphenylpyruvate dioxygenase, HPPD, N-terminal",4-hydroxyphenylpyruvate dioxygenase,8.44E-264,721,E,hppD,K00457,"Glyoxalase,Glyoxalase_5", Tyrosine metabolism,Ab ATCC 17978
UZK36754.1,EAV54_00335,1.738343824,"Hydroxyphenylpyruvate dioxygenase, HPPD, N-terminal",4-hydroxyphenylpyruvate dioxygenase,8.44E-264,721,E,hppD,K00457,"Glyoxalase,Glyoxalase_5", Phenylalanine metabolism,Ab ATCC 17978
UZK36754.1,EAV54_00335,1.738343824,"Hydroxyphenylpyruvate dioxygenase, HPPD, N-terminal",4-hydroxyphenylpyruvate dioxygenase,8.44E-264,721,E,hppD,K00457,"Glyoxalase,Glyoxalase_5", Metabolic pathways,Ab ATCC 17978
UZK36754.1,EAV54_00335,1.738343824,"Hydroxyphenylpyruvate dioxygenase, HPPD, N-terminal",4-hydroxyphenylpyruvate dioxygenase,8.44E-264,721,E,hppD,K00457,"Glyoxalase,Glyoxalase_5", Biosynthesis of cofactors,Ab ATCC 17978
UZK36757.1,EAV54_00350,1.235204907,"Glutathione S-transferase, N-terminal domain",maleylacetoacetate isomerase,7.83E-153,429,G,maiA,"K01800,K01801","GST_C,GST_C_2,GST_C_3,GST_N,GST_N_3",Tyrosine metabolism,Ab ATCC 17978
UZK36757.1,EAV54_00350,1.235204907,"Glutathione S-transferase, N-terminal domain",maleylacetoacetate isomerase,7.83E-153,429,G,maiA,"K01800,K01801","GST_C,GST_C_2,GST_C_3,GST_N,GST_N_3", Styrene degradation,Ab ATCC 17978
UZK36757.1,EAV54_00350,1.235204907,"Glutathione S-transferase, N-terminal domain",maleylacetoacetate isomerase,7.83E-153,429,G,maiA,"K01800,K01801","GST_C,GST_C_2,GST_C_3,GST_N,GST_N_3", Metabolic pathways,Ab ATCC 17978
UZK36757.1,EAV54_00350,1.235204907,"Glutathione S-transferase, N-terminal domain",maleylacetoacetate isomerase,7.83E-153,429,G,maiA,"K01800,K01801","GST_C,GST_C_2,GST_C_3,GST_N,GST_N_3", Microbial metabolism in diverse environments,Ab ATCC 17978
UZK36758.1,EAV54_00355,1.207986359,Fumarylacetoacetase N-terminal,fumarylacetoacetase,0,878,Q,fahA,K01555,"FAA_hydrolase,FAA_hydrolase_N",Tyrosine metabolism,Ab ATCC 17978
UZK36758.1,EAV54_00355,1.207986359,Fumarylacetoacetase N-terminal,fumarylacetoacetase,0,878,Q,fahA,K01555,"FAA_hydrolase,FAA_hydrolase_N", Styrene degradation,Ab ATCC 17978
UZK36758.1,EAV54_00355,1.207986359,Fumarylacetoacetase N-terminal,fumarylacetoacetase,0,878,Q,fahA,K01555,"FAA_hydrolase,FAA_hydrolase_N", Metabolic pathways,Ab ATCC 17978
UZK36758.1,EAV54_00355,1.207986359,Fumarylacetoacetase N-terminal,fumarylacetoacetase,0,878,Q,fahA,K01555,"FAA_hydrolase,FAA_hydrolase_N", Microbial metabolism in diverse environments,Ab ATCC 17978
UZK36764.1,EAV54_00390,1.270246137,Catalyzes the conversion of urocanate to 4-imidazolone- 5-propionate,urocanate hydratase,0,1136,E,hutU,K01712,"Urocanase,Urocanase_C,Urocanase_N",Histidine metabolism,Ab ATCC 17978
UZK36764.1,EAV54_00390,1.270246137,Catalyzes the conversion of urocanate to 4-imidazolone- 5-propionate,urocanate hydratase,0,1136,E,hutU,K01712,"Urocanase,Urocanase_C,Urocanase_N", Metabolic pathways,Ab ATCC 17978
UZK36767.1,EAV54_00405,1.453779894,Amidohydrolase family,imidazolonepropionase,1.60E-291,795,Q,hutI,K01468,"Amidohydro_1,Amidohydro_3",Histidine metabolism,Ab ATCC 17978
UZK36767.1,EAV54_00405,1.453779894,Amidohydrolase family,imidazolonepropionase,1.60E-291,795,Q,hutI,K01468,"Amidohydro_1,Amidohydro_3", Metabolic pathways,Ab ATCC 17978
UZK36768.1,EAV54_00410,1.077369523,Catalyzes the conversion of N-formimidoyl-L-glutamate to L-glutamate and formamide,formimidoylglutamase,1.87E-217,600,E,hutG,"K01479,K01480",Arginase,Histidine metabolism,Ab ATCC 17978
UZK36768.1,EAV54_00410,1.077369523,Catalyzes the conversion of N-formimidoyl-L-glutamate to L-glutamate and formamide,formimidoylglutamase,1.87E-217,600,E,hutG,"K01479,K01480",Arginase, Metabolic pathways,Ab ATCC 17978
UZK36768.1,EAV54_00410,1.077369523,Catalyzes the conversion of N-formimidoyl-L-glutamate to L-glutamate and formamide,formimidoylglutamase,1.87E-217,600,E,hutG,"K01479,K01480",Arginase, Arginine and proline metabolism,Ab ATCC 17978
UZK36768.1,EAV54_00410,1.077369523,Catalyzes the conversion of N-formimidoyl-L-glutamate to L-glutamate and formamide,formimidoylglutamase,1.87E-217,600,E,hutG,"K01479,K01480",Arginase, Biosynthesis of secondary metabolites,Ab ATCC 17978
UZK36890.1,EAV54_01045,1.350482265,Involved in the biosynthesis of the osmoprotectant glycine betaine. Catalyzes the reversible oxidation of betaine aldehyde to the corresponding acid,NAD-dependent succinate-semialdehyde dehydrogenase,0,932,C,gabD,K00135,Aldedh,"Alanine, aspartate and glutamate metabolism",Ab ATCC 17978
UZK36890.1,EAV54_01045,1.350482265,Involved in the biosynthesis of the osmoprotectant glycine betaine. Catalyzes the reversible oxidation of betaine aldehyde to the corresponding acid,NAD-dependent succinate-semialdehyde dehydrogenase,0,932,C,gabD,K00135,Aldedh, Lysine degradation,Ab ATCC 17978
UZK36890.1,EAV54_01045,1.350482265,Involved in the biosynthesis of the osmoprotectant glycine betaine. Catalyzes the reversible oxidation of betaine aldehyde to the corresponding acid,NAD-dependent succinate-semialdehyde dehydrogenase,0,932,C,gabD,K00135,Aldedh, Tyrosine metabolism,Ab ATCC 17978
UZK36890.1,EAV54_01045,1.350482265,Involved in the biosynthesis of the osmoprotectant glycine betaine. Catalyzes the reversible oxidation of betaine aldehyde to the corresponding acid,NAD-dependent succinate-semialdehyde dehydrogenase,0,932,C,gabD,K00135,Aldedh, Butanoate metabolism,Ab ATCC 17978
UZK36890.1,EAV54_01045,1.350482265,Involved in the biosynthesis of the osmoprotectant glycine betaine. Catalyzes the reversible oxidation of betaine aldehyde to the corresponding acid,NAD-dependent succinate-semialdehyde dehydrogenase,0,932,C,gabD,K00135,Aldedh, Nicotinate and nicotinamide metabolism,Ab ATCC 17978
UZK36890.1,EAV54_01045,1.350482265,Involved in the biosynthesis of the osmoprotectant glycine betaine. Catalyzes the reversible oxidation of betaine aldehyde to the corresponding acid,NAD-dependent succinate-semialdehyde dehydrogenase,0,932,C,gabD,K00135,Aldedh, Metabolic pathways,Ab ATCC 17978
UZK36890.1,EAV54_01045,1.350482265,Involved in the biosynthesis of the osmoprotectant glycine betaine. Catalyzes the reversible oxidation of betaine aldehyde to the corresponding acid,NAD-dependent succinate-semialdehyde dehydrogenase,0,932,C,gabD,K00135,Aldedh, Microbial metabolism in diverse environments,Ab ATCC 17978
UZK36989.1,EAV54_01615,1.442504747,"Iron-storage protein, whose ferroxidase center binds Fe(2 ) ions, oxidizes them by dioxygen to Fe(3 ), and participates in the subsequent Fe(3 ) oxide mineral core formation within the central cavity of the protein complex",bacterioferritin,2.93E-107,309,P,bfr,K03594,Ferritin,Porphyrin metabolism,Ab ATCC 17978
UZK37059.1,EAV54_02000,2.294923216,MlaD protein,outer membrane lipid asymmetry maintenance protein MlaD,5.18E-150,423,Q,ttg2C,K02067,MlaD,ABC transporters,Ab ATCC 17978
UZK40123.1,EAV54_02005,3.143537821,MlaC protein,ABC transporter substrate-binding protein,1.57E-138,392,Q,ttg2D,K07323,MlaC,ABC transporters,Ab ATCC 17978
UZK37060.1,EAV54_02010,3.221153593,STAS domain,STAS domain-containing protein,8.64E-63,192,S,-,K07122,STAS_2,ABC transporters,Ab ATCC 17978
UZK37105.1,EAV54_02245,1.17723907,Flavin-binding monooxygenase-like,NAD(P)/FAD-dependent oxidoreductase,0,1003,P,almA,K03379,"FMO-like,NAD_binding_8,Pyr_redox_3",Caprolactam degradation,Ab ATCC 17978
UZK37105.1,EAV54_02245,1.17723907,Flavin-binding monooxygenase-like,NAD(P)/FAD-dependent oxidoreductase,0,1003,P,almA,K03379,"FMO-like,NAD_binding_8,Pyr_redox_3", Microbial metabolism in diverse environments,Ab ATCC 17978
UZK37105.1,EAV54_02245,1.17723907,Flavin-binding monooxygenase-like,NAD(P)/FAD-dependent oxidoreductase,0,1003,P,almA,K03379,"FMO-like,NAD_binding_8,Pyr_redox_3", Degradation of aromatic compounds,Ab ATCC 17978
UZK37125.1,EAV54_02365,1.123826221,"Converts the preformed base xanthine, a product of nucleic acid breakdown, to xanthosine 5'-monophosphate (XMP), so it can be reused for RNA or DNA synthesis",xanthine phosphoribosyltransferase,1.53E-127,363,F,xpt,K03816,Pribosyltran,Purine metabolism,Ab ATCC 17978
UZK37125.1,EAV54_02365,1.123826221,"Converts the preformed base xanthine, a product of nucleic acid breakdown, to xanthosine 5'-monophosphate (XMP), so it can be reused for RNA or DNA synthesis",xanthine phosphoribosyltransferase,1.53E-127,363,F,xpt,K03816,Pribosyltran, Metabolic pathways,Ab ATCC 17978
UZK37125.1,EAV54_02365,1.123826221,"Converts the preformed base xanthine, a product of nucleic acid breakdown, to xanthosine 5'-monophosphate (XMP), so it can be reused for RNA or DNA synthesis",xanthine phosphoribosyltransferase,1.53E-127,363,F,xpt,K03816,Pribosyltran, Biosynthesis of secondary metabolites,Ab ATCC 17978
UZK37125.1,EAV54_02365,1.123826221,"Converts the preformed base xanthine, a product of nucleic acid breakdown, to xanthosine 5'-monophosphate (XMP), so it can be reused for RNA or DNA synthesis",xanthine phosphoribosyltransferase,1.53E-127,363,F,xpt,K03816,Pribosyltran, Nucleotide metabolism,Ab ATCC 17978
UZK40131.1,EAV54_03120,3.086361286,"HAMP (Histidine kinases, Adenylyl cyclases, Methyl binding proteins, Phosphatases) domain",sensor histidine kinase efflux regulator BaeS,0,1075,T,baeS,K07642,"HAMP,HATPase_c,HisKA",Two-component system,Ab ATCC 17978
UZK37253.1,EAV54_03125,2.782158635,"Transcriptional regulatory protein, C terminal",response regulator,9.42E-163,455,K,baeR,"K07664,K18144","Response_reg,Trans_reg_C",Two-component system,Ab ATCC 17978
UZK37253.1,EAV54_03125,2.782158635,"Transcriptional regulatory protein, C terminal",response regulator,9.42E-163,455,K,baeR,"K07664,K18144","Response_reg,Trans_reg_C", beta-Lactam resistance,Ab ATCC 17978
UZK37387.1,EAV54_03870,1.390624585,efflux pump,multidrug efflux RND transporter permease subunit AdeJ,0,1957,V,acrB,K18138,ACR_tran,beta-Lactam resistance,Ab ATCC 17978
UZK37387.1,EAV54_03870,1.390624585,efflux pump,multidrug efflux RND transporter permease subunit AdeJ,0,1957,V,acrB,K18138,ACR_tran, Cationic antimicrobial peptide (CAMP) resistance,Ab ATCC 17978
UZK37388.1,EAV54_03875,1.521608063,Belongs to the membrane fusion protein (MFP) (TC 8.A.1) family,multidrug efflux RND transporter periplasmic adaptor subunit AdeI,1.98E-279,766,M,acrA,K03585,HlyD_D23,beta-Lactam resistance,Ab ATCC 17978
UZK37388.1,EAV54_03875,1.521608063,Belongs to the membrane fusion protein (MFP) (TC 8.A.1) family,multidrug efflux RND transporter periplasmic adaptor subunit AdeI,1.98E-279,766,M,acrA,K03585,HlyD_D23, Cationic antimicrobial peptide (CAMP) resistance,Ab ATCC 17978
UZK37389.1,EAV54_03880,2.065552019,Acid phosphatase homologues,phosphatase PAP2 family protein,2.73E-152,427,I,-,"K01096,K19302",PAP2,Glycerophospholipid metabolism,Ab ATCC 17978
UZK37389.1,EAV54_03880,2.065552019,Acid phosphatase homologues,phosphatase PAP2 family protein,2.73E-152,427,I,-,"K01096,K19302",PAP2, Metabolic pathways,Ab ATCC 17978
UZK37389.1,EAV54_03880,2.065552019,Acid phosphatase homologues,phosphatase PAP2 family protein,2.73E-152,427,I,-,"K01096,K19302",PAP2, Peptidoglycan biosynthesis,Ab ATCC 17978
UZK37389.1,EAV54_03880,2.065552019,Acid phosphatase homologues,phosphatase PAP2 family protein,2.73E-152,427,I,-,"K01096,K19302",PAP2, Teichoic acid biosynthesis,Ab ATCC 17978
UZK37403.1,EAV54_03950,1.042804351,Iron-containing alcohol dehydrogenase,alcohol dehydrogenase EutG,1.11E-283,775,C,-,K00001,Fe-ADH,Glycolysis / Gluconeogenesis,Ab ATCC 17978
UZK37403.1,EAV54_03950,1.042804351,Iron-containing alcohol dehydrogenase,alcohol dehydrogenase EutG,1.11E-283,775,C,-,K00001,Fe-ADH, Fatty acid degradation,Ab ATCC 17978
UZK37403.1,EAV54_03950,1.042804351,Iron-containing alcohol dehydrogenase,alcohol dehydrogenase EutG,1.11E-283,775,C,-,K00001,Fe-ADH, Tyrosine metabolism,Ab ATCC 17978
UZK37403.1,EAV54_03950,1.042804351,Iron-containing alcohol dehydrogenase,alcohol dehydrogenase EutG,1.11E-283,775,C,-,K00001,Fe-ADH, Pyruvate metabolism,Ab ATCC 17978
UZK37403.1,EAV54_03950,1.042804351,Iron-containing alcohol dehydrogenase,alcohol dehydrogenase EutG,1.11E-283,775,C,-,K00001,Fe-ADH, Chloroalkane and chloroalkene degradation,Ab ATCC 17978
UZK37403.1,EAV54_03950,1.042804351,Iron-containing alcohol dehydrogenase,alcohol dehydrogenase EutG,1.11E-283,775,C,-,K00001,Fe-ADH, Naphthalene degradation,Ab ATCC 17978
UZK37403.1,EAV54_03950,1.042804351,Iron-containing alcohol dehydrogenase,alcohol dehydrogenase EutG,1.11E-283,775,C,-,K00001,Fe-ADH, Retinol metabolism,Ab ATCC 17978
UZK37403.1,EAV54_03950,1.042804351,Iron-containing alcohol dehydrogenase,alcohol dehydrogenase EutG,1.11E-283,775,C,-,K00001,Fe-ADH, Metabolism of xenobiotics by cytochrome P450,Ab ATCC 17978
UZK37403.1,EAV54_03950,1.042804351,Iron-containing alcohol dehydrogenase,alcohol dehydrogenase EutG,1.11E-283,775,C,-,K00001,Fe-ADH, Drug metabolism - cytochrome P450,Ab ATCC 17978
UZK37403.1,EAV54_03950,1.042804351,Iron-containing alcohol dehydrogenase,alcohol dehydrogenase EutG,1.11E-283,775,C,-,K00001,Fe-ADH, Metabolic pathways,Ab ATCC 17978
UZK37403.1,EAV54_03950,1.042804351,Iron-containing alcohol dehydrogenase,alcohol dehydrogenase EutG,1.11E-283,775,C,-,K00001,Fe-ADH, Biosynthesis of secondary metabolites,Ab ATCC 17978
UZK37403.1,EAV54_03950,1.042804351,Iron-containing alcohol dehydrogenase,alcohol dehydrogenase EutG,1.11E-283,775,C,-,K00001,Fe-ADH, Microbial metabolism in diverse environments,Ab ATCC 17978
UZK37403.1,EAV54_03950,1.042804351,Iron-containing alcohol dehydrogenase,alcohol dehydrogenase EutG,1.11E-283,775,C,-,K00001,Fe-ADH, Degradation of aromatic compounds,Ab ATCC 17978
UZK37462.1,EAV54_04275,1.584132698,AcrB/AcrD/AcrF family,multidrug efflux RND transporter permease subunit,0,1930,U,acrB,K18138,ACR_tran,beta-Lactam resistance,Ab ATCC 17978
UZK37462.1,EAV54_04275,1.584132698,AcrB/AcrD/AcrF family,multidrug efflux RND transporter permease subunit,0,1930,U,acrB,K18138,ACR_tran, Cationic antimicrobial peptide (CAMP) resistance,Ab ATCC 17978
UZK40144.1,EAV54_04560,2.666116643,MacB-like periplasmic core domain,lipoprotein-releasing ABC transporter permease subunit,3.37E-273,750,M,lolC,K09808,"FtsX,MacB_PCD",ABC transporters,Ab ATCC 17978
UZK37514.1,EAV54_04565,2.815038733,"Part of the ABC transporter complex LolCDE involved in the translocation of lipoproteins, in an ATP-dependent manner",lipoprotein-releasing ABC transporter ATP-binding protein LolD,1.06E-159,447,V,lolD,K09810,ABC_tran,ABC transporters,Ab ATCC 17978
UZK37665.1,EAV54_05410,2.011395784,PBP superfamily domain,phosphonate ABC transporter substrate-binding protein,3.32E-241,663,P,pstS,K02040,PBP_like_2,ABC transporters,Ab ATCC 17978
UZK37665.1,EAV54_05410,2.011395784,PBP superfamily domain,phosphonate ABC transporter substrate-binding protein,3.32E-241,663,P,pstS,K02040,PBP_like_2, Two-component system,Ab ATCC 17978
UZK37665.1,EAV54_05410,2.011395784,PBP superfamily domain,phosphonate ABC transporter substrate-binding protein,3.32E-241,663,P,pstS,K02040,PBP_like_2, Tuberculosis,Ab ATCC 17978
UZK37666.1,EAV54_05415,1.57654569,probably responsible for the translocation of the substrate across the membrane,phosphate ABC transporter permease subunit PstC,0,860,P,pstC,K02037,"BPD_transp_1,DUF3708",ABC transporters,Ab ATCC 17978
UZK37667.1,EAV54_05420,1.523700892,Phosphate transport system permease,phosphate ABC transporter permease PstA,0,867,P,pstA,K02038,"BPD_transp_1,DUF3333",ABC transporters,Ab ATCC 17978
UZK37756.1,EAV54_05930,1.074641574,Putative diguanylate phosphodiesterase,EAL domain-containing protein,0,1778,T,yegE,"K03320,K13243,K13924","EAL,GGDEF,PAS,PAS_3,PAS_4,PAS_9,Response_reg",Two-component system,Ab ATCC 17978
UZK37756.1,EAV54_05930,1.074641574,Putative diguanylate phosphodiesterase,EAL domain-containing protein,0,1778,T,yegE,"K03320,K13243,K13924","EAL,GGDEF,PAS,PAS_3,PAS_4,PAS_9,Response_reg", Bacterial chemotaxis,Ab ATCC 17978
UZK37766.1,EAV54_05980,2.089993436,Major Facilitator Superfamily,MFS transporter,0,850,P,narK,K02575,MFS_1,Nitrogen metabolism,Ab ATCC 17978
UZK37897.1,EAV54_06690,1.099855479,"Responsible for the transport of dicarboxylates such as succinate, fumarate, and malate across the membrane",dicarboxylate/amino acid:cation symporter,5.40E-292,799,U,dctA,K11103,SDF,Two-component system,Ab ATCC 17978
UZK38026.1,EAV54_07375,1.795226344,Belongs to the thiolase family,acetyl-CoA C-acetyltransferase,0,945,I,fadI,K00626,"Thiolase_C,Thiolase_N",Fatty acid degradation,Ab ATCC 17978
UZK38026.1,EAV54_07375,1.795226344,Belongs to the thiolase family,acetyl-CoA C-acetyltransferase,0,945,I,fadI,K00626,"Thiolase_C,Thiolase_N"," Valine, leucine and isoleucine degradation",Ab ATCC 17978
UZK38026.1,EAV54_07375,1.795226344,Belongs to the thiolase family,acetyl-CoA C-acetyltransferase,0,945,I,fadI,K00626,"Thiolase_C,Thiolase_N", Lysine degradation,Ab ATCC 17978
UZK38026.1,EAV54_07375,1.795226344,Belongs to the thiolase family,acetyl-CoA C-acetyltransferase,0,945,I,fadI,K00626,"Thiolase_C,Thiolase_N", Benzoate degradation,Ab ATCC 17978
UZK38026.1,EAV54_07375,1.795226344,Belongs to the thiolase family,acetyl-CoA C-acetyltransferase,0,945,I,fadI,K00626,"Thiolase_C,Thiolase_N", Tryptophan metabolism,Ab ATCC 17978
UZK38026.1,EAV54_07375,1.795226344,Belongs to the thiolase family,acetyl-CoA C-acetyltransferase,0,945,I,fadI,K00626,"Thiolase_C,Thiolase_N", Pyruvate metabolism,Ab ATCC 17978
UZK38026.1,EAV54_07375,1.795226344,Belongs to the thiolase family,acetyl-CoA C-acetyltransferase,0,945,I,fadI,K00626,"Thiolase_C,Thiolase_N", Glyoxylate and dicarboxylate metabolism,Ab ATCC 17978
UZK38026.1,EAV54_07375,1.795226344,Belongs to the thiolase family,acetyl-CoA C-acetyltransferase,0,945,I,fadI,K00626,"Thiolase_C,Thiolase_N", Butanoate metabolism,Ab ATCC 17978
UZK38026.1,EAV54_07375,1.795226344,Belongs to the thiolase family,acetyl-CoA C-acetyltransferase,0,945,I,fadI,K00626,"Thiolase_C,Thiolase_N", Other carbon fixation pathways,Ab ATCC 17978
UZK38026.1,EAV54_07375,1.795226344,Belongs to the thiolase family,acetyl-CoA C-acetyltransferase,0,945,I,fadI,K00626,"Thiolase_C,Thiolase_N", Terpenoid backbone biosynthesis,Ab ATCC 17978
UZK38026.1,EAV54_07375,1.795226344,Belongs to the thiolase family,acetyl-CoA C-acetyltransferase,0,945,I,fadI,K00626,"Thiolase_C,Thiolase_N", Metabolic pathways,Ab ATCC 17978
UZK38026.1,EAV54_07375,1.795226344,Belongs to the thiolase family,acetyl-CoA C-acetyltransferase,0,945,I,fadI,K00626,"Thiolase_C,Thiolase_N", Biosynthesis of secondary metabolites,Ab ATCC 17978
UZK38026.1,EAV54_07375,1.795226344,Belongs to the thiolase family,acetyl-CoA C-acetyltransferase,0,945,I,fadI,K00626,"Thiolase_C,Thiolase_N", Microbial metabolism in diverse environments,Ab ATCC 17978
UZK38026.1,EAV54_07375,1.795226344,Belongs to the thiolase family,acetyl-CoA C-acetyltransferase,0,945,I,fadI,K00626,"Thiolase_C,Thiolase_N", Carbon metabolism,Ab ATCC 17978
UZK38026.1,EAV54_07375,1.795226344,Belongs to the thiolase family,acetyl-CoA C-acetyltransferase,0,945,I,fadI,K00626,"Thiolase_C,Thiolase_N", Fatty acid metabolism,Ab ATCC 17978
UZK38026.1,EAV54_07375,1.795226344,Belongs to the thiolase family,acetyl-CoA C-acetyltransferase,0,945,I,fadI,K00626,"Thiolase_C,Thiolase_N", Two-component system,Ab ATCC 17978
UZK38026.1,EAV54_07375,1.795226344,Belongs to the thiolase family,acetyl-CoA C-acetyltransferase,0,945,I,fadI,K00626,"Thiolase_C,Thiolase_N", Fat digestion and absorption,Ab ATCC 17978
UZK38027.1,EAV54_07380,1.215116346,KR domain,3-oxoacyl-ACP reductase,0,877,IQ,fabG,K00059,adh_short_C2,Fatty acid biosynthesis,Ab ATCC 17978
UZK38027.1,EAV54_07380,1.215116346,KR domain,3-oxoacyl-ACP reductase,0,877,IQ,fabG,K00059,adh_short_C2, Prodigiosin biosynthesis,Ab ATCC 17978
UZK38027.1,EAV54_07380,1.215116346,KR domain,3-oxoacyl-ACP reductase,0,877,IQ,fabG,K00059,adh_short_C2, Biotin metabolism,Ab ATCC 17978
UZK38027.1,EAV54_07380,1.215116346,KR domain,3-oxoacyl-ACP reductase,0,877,IQ,fabG,K00059,adh_short_C2, Metabolic pathways,Ab ATCC 17978
UZK38027.1,EAV54_07380,1.215116346,KR domain,3-oxoacyl-ACP reductase,0,877,IQ,fabG,K00059,adh_short_C2, Biosynthesis of secondary metabolites,Ab ATCC 17978
UZK38027.1,EAV54_07380,1.215116346,KR domain,3-oxoacyl-ACP reductase,0,877,IQ,fabG,K00059,adh_short_C2, Fatty acid metabolism,Ab ATCC 17978
UZK38027.1,EAV54_07380,1.215116346,KR domain,3-oxoacyl-ACP reductase,0,877,IQ,fabG,K00059,adh_short_C2, Biosynthesis of cofactors,Ab ATCC 17978
UZK38166.1,EAV54_08145,4.315481166,"Catalyzes the cleavage of L-kynurenine (L-Kyn) and L-3- hydroxykynurenine (L-3OHKyn) into anthranilic acid (AA) and 3- hydroxyanthranilic acid (3-OHAA), respectively",kynureninase,0,855,E,kynU,K01556,Aminotran_5,Tryptophan metabolism,Ab ATCC 17978
UZK38166.1,EAV54_08145,4.315481166,"Catalyzes the cleavage of L-kynurenine (L-Kyn) and L-3- hydroxykynurenine (L-3OHKyn) into anthranilic acid (AA) and 3- hydroxyanthranilic acid (3-OHAA), respectively",kynureninase,0,855,E,kynU,K01556,Aminotran_5, Metabolic pathways,Ab ATCC 17978
UZK38166.1,EAV54_08145,4.315481166,"Catalyzes the cleavage of L-kynurenine (L-Kyn) and L-3- hydroxykynurenine (L-3OHKyn) into anthranilic acid (AA) and 3- hydroxyanthranilic acid (3-OHAA), respectively",kynureninase,0,855,E,kynU,K01556,Aminotran_5, Biosynthesis of cofactors,Ab ATCC 17978
UZK38239.1,EAV54_08525,1.184590501,Carboxymuconolactone decarboxylase family,4-carboxymuconolactone decarboxylase,3.72E-95,277,S,pcaC,K01607,CMD,Benzoate degradation,Ab ATCC 17978
UZK38239.1,EAV54_08525,1.184590501,Carboxymuconolactone decarboxylase family,4-carboxymuconolactone decarboxylase,3.72E-95,277,S,pcaC,K01607,CMD, Metabolic pathways,Ab ATCC 17978
UZK38239.1,EAV54_08525,1.184590501,Carboxymuconolactone decarboxylase family,4-carboxymuconolactone decarboxylase,3.72E-95,277,S,pcaC,K01607,CMD, Microbial metabolism in diverse environments,Ab ATCC 17978
UZK38239.1,EAV54_08525,1.184590501,Carboxymuconolactone decarboxylase family,4-carboxymuconolactone decarboxylase,3.72E-95,277,S,pcaC,K01607,CMD, Degradation of aromatic compounds,Ab ATCC 17978
UZK40178.1,EAV54_08540,1.316759773,"Involved in the third step of the chorismate pathway, which leads to the biosynthesis of aromatic amino acids. Catalyzes the cis-dehydration of 3-dehydroquinate (DHQ) and introduces the first double bond of the aromatic ring to yield 3- dehydroshikimate",type I 3-dehydroquinate dehydratase,5.50E-179,500,E,aroD,K03785,DHquinase_I,"Phenylalanine, tyrosine and tryptophan biosynthesis",Ab ATCC 17978
UZK40178.1,EAV54_08540,1.316759773,"Involved in the third step of the chorismate pathway, which leads to the biosynthesis of aromatic amino acids. Catalyzes the cis-dehydration of 3-dehydroquinate (DHQ) and introduces the first double bond of the aromatic ring to yield 3- dehydroshikimate",type I 3-dehydroquinate dehydratase,5.50E-179,500,E,aroD,K03785,DHquinase_I, Metabolic pathways,Ab ATCC 17978
UZK40178.1,EAV54_08540,1.316759773,"Involved in the third step of the chorismate pathway, which leads to the biosynthesis of aromatic amino acids. Catalyzes the cis-dehydration of 3-dehydroquinate (DHQ) and introduces the first double bond of the aromatic ring to yield 3- dehydroshikimate",type I 3-dehydroquinate dehydratase,5.50E-179,500,E,aroD,K03785,DHquinase_I, Biosynthesis of secondary metabolites,Ab ATCC 17978
UZK40178.1,EAV54_08540,1.316759773,"Involved in the third step of the chorismate pathway, which leads to the biosynthesis of aromatic amino acids. Catalyzes the cis-dehydration of 3-dehydroquinate (DHQ) and introduces the first double bond of the aromatic ring to yield 3- dehydroshikimate",type I 3-dehydroquinate dehydratase,5.50E-179,500,E,aroD,K03785,DHquinase_I, Biosynthesis of amino acids,Ab ATCC 17978
UZK38268.1,EAV54_08685,1.028346922,Involved in the biosynthesis of the osmoprotectant glycine betaine. Catalyzes the reversible oxidation of betaine aldehyde to the corresponding acid,NAD-dependent phenylacetaldehyde dehydrogenase,0,959,C,-,"K00128,K00146",Aldedh,Glycolysis / Gluconeogenesis,Ab ATCC 17978
UZK38268.1,EAV54_08685,1.028346922,Involved in the biosynthesis of the osmoprotectant glycine betaine. Catalyzes the reversible oxidation of betaine aldehyde to the corresponding acid,NAD-dependent phenylacetaldehyde dehydrogenase,0,959,C,-,"K00128,K00146",Aldedh, Ascorbate and aldarate metabolism,Ab ATCC 17978
UZK38268.1,EAV54_08685,1.028346922,Involved in the biosynthesis of the osmoprotectant glycine betaine. Catalyzes the reversible oxidation of betaine aldehyde to the corresponding acid,NAD-dependent phenylacetaldehyde dehydrogenase,0,959,C,-,"K00128,K00146",Aldedh, Fatty acid degradation,Ab ATCC 17978
UZK38268.1,EAV54_08685,1.028346922,Involved in the biosynthesis of the osmoprotectant glycine betaine. Catalyzes the reversible oxidation of betaine aldehyde to the corresponding acid,NAD-dependent phenylacetaldehyde dehydrogenase,0,959,C,-,"K00128,K00146",Aldedh," Valine, leucine and isoleucine degradation",Ab ATCC 17978
UZK38268.1,EAV54_08685,1.028346922,Involved in the biosynthesis of the osmoprotectant glycine betaine. Catalyzes the reversible oxidation of betaine aldehyde to the corresponding acid,NAD-dependent phenylacetaldehyde dehydrogenase,0,959,C,-,"K00128,K00146",Aldedh, Lysine degradation,Ab ATCC 17978
UZK38268.1,EAV54_08685,1.028346922,Involved in the biosynthesis of the osmoprotectant glycine betaine. Catalyzes the reversible oxidation of betaine aldehyde to the corresponding acid,NAD-dependent phenylacetaldehyde dehydrogenase,0,959,C,-,"K00128,K00146",Aldedh, Arginine and proline metabolism,Ab ATCC 17978
UZK38268.1,EAV54_08685,1.028346922,Involved in the biosynthesis of the osmoprotectant glycine betaine. Catalyzes the reversible oxidation of betaine aldehyde to the corresponding acid,NAD-dependent phenylacetaldehyde dehydrogenase,0,959,C,-,"K00128,K00146",Aldedh, Histidine metabolism,Ab ATCC 17978
UZK38268.1,EAV54_08685,1.028346922,Involved in the biosynthesis of the osmoprotectant glycine betaine. Catalyzes the reversible oxidation of betaine aldehyde to the corresponding acid,NAD-dependent phenylacetaldehyde dehydrogenase,0,959,C,-,"K00128,K00146",Aldedh, Tryptophan metabolism,Ab ATCC 17978
UZK38268.1,EAV54_08685,1.028346922,Involved in the biosynthesis of the osmoprotectant glycine betaine. Catalyzes the reversible oxidation of betaine aldehyde to the corresponding acid,NAD-dependent phenylacetaldehyde dehydrogenase,0,959,C,-,"K00128,K00146",Aldedh, beta-Alanine metabolism,Ab ATCC 17978
UZK38268.1,EAV54_08685,1.028346922,Involved in the biosynthesis of the osmoprotectant glycine betaine. Catalyzes the reversible oxidation of betaine aldehyde to the corresponding acid,NAD-dependent phenylacetaldehyde dehydrogenase,0,959,C,-,"K00128,K00146",Aldedh, Glycerolipid metabolism,Ab ATCC 17978
UZK38268.1,EAV54_08685,1.028346922,Involved in the biosynthesis of the osmoprotectant glycine betaine. Catalyzes the reversible oxidation of betaine aldehyde to the corresponding acid,NAD-dependent phenylacetaldehyde dehydrogenase,0,959,C,-,"K00128,K00146",Aldedh, Pyruvate metabolism,Ab ATCC 17978
UZK38268.1,EAV54_08685,1.028346922,Involved in the biosynthesis of the osmoprotectant glycine betaine. Catalyzes the reversible oxidation of betaine aldehyde to the corresponding acid,NAD-dependent phenylacetaldehyde dehydrogenase,0,959,C,-,"K00128,K00146",Aldedh, Chloroalkane and chloroalkene degradation,Ab ATCC 17978
UZK38268.1,EAV54_08685,1.028346922,Involved in the biosynthesis of the osmoprotectant glycine betaine. Catalyzes the reversible oxidation of betaine aldehyde to the corresponding acid,NAD-dependent phenylacetaldehyde dehydrogenase,0,959,C,-,"K00128,K00146",Aldedh, Pantothenate and CoA biosynthesis,Ab ATCC 17978
UZK38268.1,EAV54_08685,1.028346922,Involved in the biosynthesis of the osmoprotectant glycine betaine. Catalyzes the reversible oxidation of betaine aldehyde to the corresponding acid,NAD-dependent phenylacetaldehyde dehydrogenase,0,959,C,-,"K00128,K00146",Aldedh, Limonene degradation,Ab ATCC 17978
UZK38268.1,EAV54_08685,1.028346922,Involved in the biosynthesis of the osmoprotectant glycine betaine. Catalyzes the reversible oxidation of betaine aldehyde to the corresponding acid,NAD-dependent phenylacetaldehyde dehydrogenase,0,959,C,-,"K00128,K00146",Aldedh, Insect hormone biosynthesis,Ab ATCC 17978
UZK38268.1,EAV54_08685,1.028346922,Involved in the biosynthesis of the osmoprotectant glycine betaine. Catalyzes the reversible oxidation of betaine aldehyde to the corresponding acid,NAD-dependent phenylacetaldehyde dehydrogenase,0,959,C,-,"K00128,K00146",Aldedh, Metabolic pathways,Ab ATCC 17978
UZK38268.1,EAV54_08685,1.028346922,Involved in the biosynthesis of the osmoprotectant glycine betaine. Catalyzes the reversible oxidation of betaine aldehyde to the corresponding acid,NAD-dependent phenylacetaldehyde dehydrogenase,0,959,C,-,"K00128,K00146",Aldedh, Biosynthesis of secondary metabolites,Ab ATCC 17978
UZK38268.1,EAV54_08685,1.028346922,Involved in the biosynthesis of the osmoprotectant glycine betaine. Catalyzes the reversible oxidation of betaine aldehyde to the corresponding acid,NAD-dependent phenylacetaldehyde dehydrogenase,0,959,C,-,"K00128,K00146",Aldedh, Microbial metabolism in diverse environments,Ab ATCC 17978
UZK38268.1,EAV54_08685,1.028346922,Involved in the biosynthesis of the osmoprotectant glycine betaine. Catalyzes the reversible oxidation of betaine aldehyde to the corresponding acid,NAD-dependent phenylacetaldehyde dehydrogenase,0,959,C,-,"K00128,K00146",Aldedh, Biosynthesis of cofactors,Ab ATCC 17978
UZK38268.1,EAV54_08685,1.028346922,Involved in the biosynthesis of the osmoprotectant glycine betaine. Catalyzes the reversible oxidation of betaine aldehyde to the corresponding acid,NAD-dependent phenylacetaldehyde dehydrogenase,0,959,C,-,"K00128,K00146",Aldedh, Alcoholic liver disease,Ab ATCC 17978
UZK38268.1,EAV54_08685,1.028346922,Involved in the biosynthesis of the osmoprotectant glycine betaine. Catalyzes the reversible oxidation of betaine aldehyde to the corresponding acid,NAD-dependent phenylacetaldehyde dehydrogenase,0,959,C,-,"K00128,K00146",Aldedh, Tyrosine metabolism,Ab ATCC 17978
UZK38268.1,EAV54_08685,1.028346922,Involved in the biosynthesis of the osmoprotectant glycine betaine. Catalyzes the reversible oxidation of betaine aldehyde to the corresponding acid,NAD-dependent phenylacetaldehyde dehydrogenase,0,959,C,-,"K00128,K00146",Aldedh, Phenylalanine metabolism,Ab ATCC 17978
UZK38268.1,EAV54_08685,1.028346922,Involved in the biosynthesis of the osmoprotectant glycine betaine. Catalyzes the reversible oxidation of betaine aldehyde to the corresponding acid,NAD-dependent phenylacetaldehyde dehydrogenase,0,959,C,-,"K00128,K00146",Aldedh, Styrene degradation,Ab ATCC 17978
UZK38375.1,EAV54_09265,1.316764127,Barrel-sandwich domain of CusB or HlyD membrane-fusion,multidrug efflux RND transporter periplasmic adaptor subunit AdeA,1.22E-272,747,M,-,K18145,HlyD_D23,beta-Lactam resistance,Ab ATCC 17978
UZK38410.1,EAV54_09465,1.524191134,"5'-nucleotidase, C-terminal domain",bifunctional metallophosphatase/5'-nucleotidase,0,1152,F,yhcR,"K01081,K11751","5_nucleotid_C,Metallophos",Purine metabolism,Ab ATCC 17978
UZK38410.1,EAV54_09465,1.524191134,"5'-nucleotidase, C-terminal domain",bifunctional metallophosphatase/5'-nucleotidase,0,1152,F,yhcR,"K01081,K11751","5_nucleotid_C,Metallophos", Pyrimidine metabolism,Ab ATCC 17978
UZK38410.1,EAV54_09465,1.524191134,"5'-nucleotidase, C-terminal domain",bifunctional metallophosphatase/5'-nucleotidase,0,1152,F,yhcR,"K01081,K11751","5_nucleotid_C,Metallophos", Nicotinate and nicotinamide metabolism,Ab ATCC 17978
UZK38410.1,EAV54_09465,1.524191134,"5'-nucleotidase, C-terminal domain",bifunctional metallophosphatase/5'-nucleotidase,0,1152,F,yhcR,"K01081,K11751","5_nucleotid_C,Metallophos", Metabolic pathways,Ab ATCC 17978
UZK38410.1,EAV54_09465,1.524191134,"5'-nucleotidase, C-terminal domain",bifunctional metallophosphatase/5'-nucleotidase,0,1152,F,yhcR,"K01081,K11751","5_nucleotid_C,Metallophos", Biosynthesis of secondary metabolites,Ab ATCC 17978
UZK38410.1,EAV54_09465,1.524191134,"5'-nucleotidase, C-terminal domain",bifunctional metallophosphatase/5'-nucleotidase,0,1152,F,yhcR,"K01081,K11751","5_nucleotid_C,Metallophos", Nucleotide metabolism,Ab ATCC 17978
UZK38438.1,EAV54_09615,1.124177055,Belongs to the thiolase family,acetyl-CoA C-acyltransferase,6.30E-272,745,I,atoB,K00626,"Thiolase_C,Thiolase_N",Fatty acid degradation,Ab ATCC 17978
UZK38438.1,EAV54_09615,1.124177055,Belongs to the thiolase family,acetyl-CoA C-acyltransferase,6.30E-272,745,I,atoB,K00626,"Thiolase_C,Thiolase_N"," Valine, leucine and isoleucine degradation",Ab ATCC 17978
UZK38438.1,EAV54_09615,1.124177055,Belongs to the thiolase family,acetyl-CoA C-acyltransferase,6.30E-272,745,I,atoB,K00626,"Thiolase_C,Thiolase_N", Lysine degradation,Ab ATCC 17978
UZK38438.1,EAV54_09615,1.124177055,Belongs to the thiolase family,acetyl-CoA C-acyltransferase,6.30E-272,745,I,atoB,K00626,"Thiolase_C,Thiolase_N", Benzoate degradation,Ab ATCC 17978
UZK38438.1,EAV54_09615,1.124177055,Belongs to the thiolase family,acetyl-CoA C-acyltransferase,6.30E-272,745,I,atoB,K00626,"Thiolase_C,Thiolase_N", Tryptophan metabolism,Ab ATCC 17978
UZK38438.1,EAV54_09615,1.124177055,Belongs to the thiolase family,acetyl-CoA C-acyltransferase,6.30E-272,745,I,atoB,K00626,"Thiolase_C,Thiolase_N", Pyruvate metabolism,Ab ATCC 17978
UZK38438.1,EAV54_09615,1.124177055,Belongs to the thiolase family,acetyl-CoA C-acyltransferase,6.30E-272,745,I,atoB,K00626,"Thiolase_C,Thiolase_N", Glyoxylate and dicarboxylate metabolism,Ab ATCC 17978
UZK38438.1,EAV54_09615,1.124177055,Belongs to the thiolase family,acetyl-CoA C-acyltransferase,6.30E-272,745,I,atoB,K00626,"Thiolase_C,Thiolase_N", Butanoate metabolism,Ab ATCC 17978
UZK38438.1,EAV54_09615,1.124177055,Belongs to the thiolase family,acetyl-CoA C-acyltransferase,6.30E-272,745,I,atoB,K00626,"Thiolase_C,Thiolase_N", Other carbon fixation pathways,Ab ATCC 17978
UZK38438.1,EAV54_09615,1.124177055,Belongs to the thiolase family,acetyl-CoA C-acyltransferase,6.30E-272,745,I,atoB,K00626,"Thiolase_C,Thiolase_N", Terpenoid backbone biosynthesis,Ab ATCC 17978
UZK38438.1,EAV54_09615,1.124177055,Belongs to the thiolase family,acetyl-CoA C-acyltransferase,6.30E-272,745,I,atoB,K00626,"Thiolase_C,Thiolase_N", Metabolic pathways,Ab ATCC 17978
UZK38438.1,EAV54_09615,1.124177055,Belongs to the thiolase family,acetyl-CoA C-acyltransferase,6.30E-272,745,I,atoB,K00626,"Thiolase_C,Thiolase_N", Biosynthesis of secondary metabolites,Ab ATCC 17978
UZK38438.1,EAV54_09615,1.124177055,Belongs to the thiolase family,acetyl-CoA C-acyltransferase,6.30E-272,745,I,atoB,K00626,"Thiolase_C,Thiolase_N", Microbial metabolism in diverse environments,Ab ATCC 17978
UZK38438.1,EAV54_09615,1.124177055,Belongs to the thiolase family,acetyl-CoA C-acyltransferase,6.30E-272,745,I,atoB,K00626,"Thiolase_C,Thiolase_N", Carbon metabolism,Ab ATCC 17978
UZK38438.1,EAV54_09615,1.124177055,Belongs to the thiolase family,acetyl-CoA C-acyltransferase,6.30E-272,745,I,atoB,K00626,"Thiolase_C,Thiolase_N", Fatty acid metabolism,Ab ATCC 17978
UZK38438.1,EAV54_09615,1.124177055,Belongs to the thiolase family,acetyl-CoA C-acyltransferase,6.30E-272,745,I,atoB,K00626,"Thiolase_C,Thiolase_N", Two-component system,Ab ATCC 17978
UZK38438.1,EAV54_09615,1.124177055,Belongs to the thiolase family,acetyl-CoA C-acyltransferase,6.30E-272,745,I,atoB,K00626,"Thiolase_C,Thiolase_N", Fat digestion and absorption,Ab ATCC 17978
UZK38467.1,EAV54_09765,1.026784724,2-oxoacid dehydrogenases acyltransferase (catalytic domain),diaminohydroxyphosphoribosylaminopyrimidine deaminase,0,925,C,acoC,K00627,"2-oxoacid_dh,Biotin_lipoyl,E3_binding",Glycolysis / Gluconeogenesis,Ab ATCC 17978
UZK38467.1,EAV54_09765,1.026784724,2-oxoacid dehydrogenases acyltransferase (catalytic domain),diaminohydroxyphosphoribosylaminopyrimidine deaminase,0,925,C,acoC,K00627,"2-oxoacid_dh,Biotin_lipoyl,E3_binding", Citrate cycle (TCA cycle),Ab ATCC 17978
UZK38467.1,EAV54_09765,1.026784724,2-oxoacid dehydrogenases acyltransferase (catalytic domain),diaminohydroxyphosphoribosylaminopyrimidine deaminase,0,925,C,acoC,K00627,"2-oxoacid_dh,Biotin_lipoyl,E3_binding", Pyruvate metabolism,Ab ATCC 17978
UZK38467.1,EAV54_09765,1.026784724,2-oxoacid dehydrogenases acyltransferase (catalytic domain),diaminohydroxyphosphoribosylaminopyrimidine deaminase,0,925,C,acoC,K00627,"2-oxoacid_dh,Biotin_lipoyl,E3_binding", Lipoic acid metabolism,Ab ATCC 17978
UZK38467.1,EAV54_09765,1.026784724,2-oxoacid dehydrogenases acyltransferase (catalytic domain),diaminohydroxyphosphoribosylaminopyrimidine deaminase,0,925,C,acoC,K00627,"2-oxoacid_dh,Biotin_lipoyl,E3_binding", Metabolic pathways,Ab ATCC 17978
UZK38467.1,EAV54_09765,1.026784724,2-oxoacid dehydrogenases acyltransferase (catalytic domain),diaminohydroxyphosphoribosylaminopyrimidine deaminase,0,925,C,acoC,K00627,"2-oxoacid_dh,Biotin_lipoyl,E3_binding", Biosynthesis of secondary metabolites,Ab ATCC 17978
UZK38467.1,EAV54_09765,1.026784724,2-oxoacid dehydrogenases acyltransferase (catalytic domain),diaminohydroxyphosphoribosylaminopyrimidine deaminase,0,925,C,acoC,K00627,"2-oxoacid_dh,Biotin_lipoyl,E3_binding", Microbial metabolism in diverse environments,Ab ATCC 17978
UZK38467.1,EAV54_09765,1.026784724,2-oxoacid dehydrogenases acyltransferase (catalytic domain),diaminohydroxyphosphoribosylaminopyrimidine deaminase,0,925,C,acoC,K00627,"2-oxoacid_dh,Biotin_lipoyl,E3_binding", Carbon metabolism,Ab ATCC 17978
UZK38467.1,EAV54_09765,1.026784724,2-oxoacid dehydrogenases acyltransferase (catalytic domain),diaminohydroxyphosphoribosylaminopyrimidine deaminase,0,925,C,acoC,K00627,"2-oxoacid_dh,Biotin_lipoyl,E3_binding", 2-Oxocarboxylic acid metabolism,Ab ATCC 17978
UZK38489.1,EAV54_09875,1.489191872,alpha/beta hydrolase fold,alpha/beta fold hydrolase,7.52E-263,719,I,phaC,K03821,Abhydrolase_1,Butanoate metabolism,Ab ATCC 17978
UZK38489.1,EAV54_09875,1.489191872,alpha/beta hydrolase fold,alpha/beta fold hydrolase,7.52E-263,719,I,phaC,K03821,Abhydrolase_1, Metabolic pathways,Ab ATCC 17978
UZK38534.1,EAV54_10115,1.571793166,"Acyl-CoA dehydrogenase, C-terminal domain",acyl-CoA dehydrogenase,8.52E-287,783,I,-,K00249,"Acyl-CoA_dh_1,Acyl-CoA_dh_M,Acyl-CoA_dh_N",Fatty acid degradation,Ab ATCC 17978
UZK38534.1,EAV54_10115,1.571793166,"Acyl-CoA dehydrogenase, C-terminal domain",acyl-CoA dehydrogenase,8.52E-287,783,I,-,K00249,"Acyl-CoA_dh_1,Acyl-CoA_dh_M,Acyl-CoA_dh_N"," Valine, leucine and isoleucine degradation",Ab ATCC 17978
UZK38534.1,EAV54_10115,1.571793166,"Acyl-CoA dehydrogenase, C-terminal domain",acyl-CoA dehydrogenase,8.52E-287,783,I,-,K00249,"Acyl-CoA_dh_1,Acyl-CoA_dh_M,Acyl-CoA_dh_N", Metabolic pathways,Ab ATCC 17978
UZK38534.1,EAV54_10115,1.571793166,"Acyl-CoA dehydrogenase, C-terminal domain",acyl-CoA dehydrogenase,8.52E-287,783,I,-,K00249,"Acyl-CoA_dh_1,Acyl-CoA_dh_M,Acyl-CoA_dh_N", Biosynthesis of secondary metabolites,Ab ATCC 17978
UZK38534.1,EAV54_10115,1.571793166,"Acyl-CoA dehydrogenase, C-terminal domain",acyl-CoA dehydrogenase,8.52E-287,783,I,-,K00249,"Acyl-CoA_dh_1,Acyl-CoA_dh_M,Acyl-CoA_dh_N", Fatty acid metabolism,Ab ATCC 17978
UZK38534.1,EAV54_10115,1.571793166,"Acyl-CoA dehydrogenase, C-terminal domain",acyl-CoA dehydrogenase,8.52E-287,783,I,-,K00249,"Acyl-CoA_dh_1,Acyl-CoA_dh_M,Acyl-CoA_dh_N", PPAR signaling pathway,Ab ATCC 17978
UZK38534.1,EAV54_10115,1.571793166,"Acyl-CoA dehydrogenase, C-terminal domain",acyl-CoA dehydrogenase,8.52E-287,783,I,-,K00249,"Acyl-CoA_dh_1,Acyl-CoA_dh_M,Acyl-CoA_dh_N", Alcoholic liver disease,Ab ATCC 17978
UZK38623.1,EAV54_10590,1.823247819,Flavin-binding monooxygenase-like,NAD(P)/FAD-dependent oxidoreductase,0,979,P,-,K03379,"FMO-like,K_oxygenase,Pyr_redox_3",Caprolactam degradation,Ab ATCC 17978
UZK38623.1,EAV54_10590,1.823247819,Flavin-binding monooxygenase-like,NAD(P)/FAD-dependent oxidoreductase,0,979,P,-,K03379,"FMO-like,K_oxygenase,Pyr_redox_3", Microbial metabolism in diverse environments,Ab ATCC 17978
UZK38623.1,EAV54_10590,1.823247819,Flavin-binding monooxygenase-like,NAD(P)/FAD-dependent oxidoreductase,0,979,P,-,K03379,"FMO-like,K_oxygenase,Pyr_redox_3", Degradation of aromatic compounds,Ab ATCC 17978
UZK38633.1,EAV54_10640,1.38914484,Excises uracil residues from the DNA which can arise as a result of misincorporation of dUMP residues by DNA polymerase or due to deamination of cytosine,uracil-DNA glycosylase,1.19E-174,486,L,ung,K03648,UDG,Base excision repair,Ab ATCC 17978
UZK38633.1,EAV54_10640,1.38914484,Excises uracil residues from the DNA which can arise as a result of misincorporation of dUMP residues by DNA polymerase or due to deamination of cytosine,uracil-DNA glycosylase,1.19E-174,486,L,ung,K03648,UDG, Primary immunodeficiency,Ab ATCC 17978
UZK38634.1,EAV54_10645,1.66264364,6-pyruvoyl tetrahydropterin synthase,6-carboxytetrahydropterin synthase,7.60E-145,407,H,-,K01737,PTPS,Folate biosynthesis,Ab ATCC 17978
UZK38634.1,EAV54_10645,1.66264364,6-pyruvoyl tetrahydropterin synthase,6-carboxytetrahydropterin synthase,7.60E-145,407,H,-,K01737,PTPS, Metabolic pathways,Ab ATCC 17978
UZK38634.1,EAV54_10645,1.66264364,6-pyruvoyl tetrahydropterin synthase,6-carboxytetrahydropterin synthase,7.60E-145,407,H,-,K01737,PTPS, Biosynthesis of cofactors,Ab ATCC 17978
UZK38780.1,EAV54_11405,1.619183836,"Involved in the formation of 2-(5''-phosphoribosyl)-3'- dephosphocoenzyme-A, the prosthetic group of the acyl-carrier protein of the malonate decarboxylase",triphosphoribosyl-dephospho-CoA synthase,1.04E-192,536,H,mdcB,"K05966,K13930",CitG,Two-component system,Ab ATCC 17978
UZK38851.1,EAV54_11785,1.602902595,Has an organic peroxide-dependent peroxidase activity,catalase family peroxidase,1.45E-261,716,C,srpA,K03781,Catalase,Tryptophan metabolism,Ab ATCC 17978
UZK38851.1,EAV54_11785,1.602902595,Has an organic peroxide-dependent peroxidase activity,catalase family peroxidase,1.45E-261,716,C,srpA,K03781,Catalase, Glyoxylate and dicarboxylate metabolism,Ab ATCC 17978
UZK38851.1,EAV54_11785,1.602902595,Has an organic peroxide-dependent peroxidase activity,catalase family peroxidase,1.45E-261,716,C,srpA,K03781,Catalase, Metabolic pathways,Ab ATCC 17978
UZK38851.1,EAV54_11785,1.602902595,Has an organic peroxide-dependent peroxidase activity,catalase family peroxidase,1.45E-261,716,C,srpA,K03781,Catalase, Biosynthesis of secondary metabolites,Ab ATCC 17978
UZK38851.1,EAV54_11785,1.602902595,Has an organic peroxide-dependent peroxidase activity,catalase family peroxidase,1.45E-261,716,C,srpA,K03781,Catalase, Carbon metabolism,Ab ATCC 17978
UZK38851.1,EAV54_11785,1.602902595,Has an organic peroxide-dependent peroxidase activity,catalase family peroxidase,1.45E-261,716,C,srpA,K03781,Catalase, MAPK signaling pathway - yeast,Ab ATCC 17978
UZK38851.1,EAV54_11785,1.602902595,Has an organic peroxide-dependent peroxidase activity,catalase family peroxidase,1.45E-261,716,C,srpA,K03781,Catalase, MAPK signaling pathway - plant,Ab ATCC 17978
UZK38851.1,EAV54_11785,1.602902595,Has an organic peroxide-dependent peroxidase activity,catalase family peroxidase,1.45E-261,716,C,srpA,K03781,Catalase, FoxO signaling pathway,Ab ATCC 17978
UZK38851.1,EAV54_11785,1.602902595,Has an organic peroxide-dependent peroxidase activity,catalase family peroxidase,1.45E-261,716,C,srpA,K03781,Catalase, Peroxisome,Ab ATCC 17978
UZK38851.1,EAV54_11785,1.602902595,Has an organic peroxide-dependent peroxidase activity,catalase family peroxidase,1.45E-261,716,C,srpA,K03781,Catalase, Longevity regulating pathway,Ab ATCC 17978
UZK38851.1,EAV54_11785,1.602902595,Has an organic peroxide-dependent peroxidase activity,catalase family peroxidase,1.45E-261,716,C,srpA,K03781,Catalase, Longevity regulating pathway - worm,Ab ATCC 17978
UZK38851.1,EAV54_11785,1.602902595,Has an organic peroxide-dependent peroxidase activity,catalase family peroxidase,1.45E-261,716,C,srpA,K03781,Catalase, Longevity regulating pathway - multiple species,Ab ATCC 17978
UZK38851.1,EAV54_11785,1.602902595,Has an organic peroxide-dependent peroxidase activity,catalase family peroxidase,1.45E-261,716,C,srpA,K03781,Catalase, Amyotrophic lateral sclerosis,Ab ATCC 17978
UZK38851.1,EAV54_11785,1.602902595,Has an organic peroxide-dependent peroxidase activity,catalase family peroxidase,1.45E-261,716,C,srpA,K03781,Catalase, Pathways of neurodegeneration - multiple diseases,Ab ATCC 17978
UZK38851.1,EAV54_11785,1.602902595,Has an organic peroxide-dependent peroxidase activity,catalase family peroxidase,1.45E-261,716,C,srpA,K03781,Catalase, Chemical carcinogenesis - reactive oxygen species,Ab ATCC 17978
UZK38856.1,EAV54_11820,1.954256415,Thioesterase superfamily,PaaI family thioesterase,1.45E-85,252,Q,-,K02614,4HBT,Phenylalanine metabolism,Ab ATCC 17978
UZK38856.1,EAV54_11820,1.954256415,Thioesterase superfamily,PaaI family thioesterase,1.45E-85,252,Q,-,K02614,4HBT, Metabolic pathways,Ab ATCC 17978
UZK38859.1,EAV54_11835,1.598810515,Catalyzes the activation of phenylacetic acid (PA) to phenylacetyl-CoA (PA-CoA),phenylacetate--CoA ligase,0,855,H,paaK,K01912,"AMP-binding,AMP-binding_C_2",Phenylalanine metabolism,Ab ATCC 17978
UZK38859.1,EAV54_11835,1.598810515,Catalyzes the activation of phenylacetic acid (PA) to phenylacetyl-CoA (PA-CoA),phenylacetate--CoA ligase,0,855,H,paaK,K01912,"AMP-binding,AMP-binding_C_2", Metabolic pathways,Ab ATCC 17978
UZK38859.1,EAV54_11835,1.598810515,Catalyzes the activation of phenylacetic acid (PA) to phenylacetyl-CoA (PA-CoA),phenylacetate--CoA ligase,0,855,H,paaK,K01912,"AMP-binding,AMP-binding_C_2", Microbial metabolism in diverse environments,Ab ATCC 17978
UZK38859.1,EAV54_11835,1.598810515,Catalyzes the activation of phenylacetic acid (PA) to phenylacetyl-CoA (PA-CoA),phenylacetate--CoA ligase,0,855,H,paaK,K01912,"AMP-binding,AMP-binding_C_2", Biofilm formation - Vibrio cholerae,Ab ATCC 17978
UZK38860.1,EAV54_11840,1.29038378,Belongs to the thiolase family,3-oxoadipyl-CoA thiolase,2.64E-286,782,I,paaJ,"K00626,K00632,K02615","Thiolase_C,Thiolase_N",Fatty acid degradation,Ab ATCC 17978
UZK38860.1,EAV54_11840,1.29038378,Belongs to the thiolase family,3-oxoadipyl-CoA thiolase,2.64E-286,782,I,paaJ,"K00626,K00632,K02615","Thiolase_C,Thiolase_N"," Valine, leucine and isoleucine degradation",Ab ATCC 17978
UZK38860.1,EAV54_11840,1.29038378,Belongs to the thiolase family,3-oxoadipyl-CoA thiolase,2.64E-286,782,I,paaJ,"K00626,K00632,K02615","Thiolase_C,Thiolase_N", Lysine degradation,Ab ATCC 17978
UZK38860.1,EAV54_11840,1.29038378,Belongs to the thiolase family,3-oxoadipyl-CoA thiolase,2.64E-286,782,I,paaJ,"K00626,K00632,K02615","Thiolase_C,Thiolase_N", Benzoate degradation,Ab ATCC 17978
UZK38860.1,EAV54_11840,1.29038378,Belongs to the thiolase family,3-oxoadipyl-CoA thiolase,2.64E-286,782,I,paaJ,"K00626,K00632,K02615","Thiolase_C,Thiolase_N", Tryptophan metabolism,Ab ATCC 17978
UZK38860.1,EAV54_11840,1.29038378,Belongs to the thiolase family,3-oxoadipyl-CoA thiolase,2.64E-286,782,I,paaJ,"K00626,K00632,K02615","Thiolase_C,Thiolase_N", Pyruvate metabolism,Ab ATCC 17978
UZK38860.1,EAV54_11840,1.29038378,Belongs to the thiolase family,3-oxoadipyl-CoA thiolase,2.64E-286,782,I,paaJ,"K00626,K00632,K02615","Thiolase_C,Thiolase_N", Glyoxylate and dicarboxylate metabolism,Ab ATCC 17978
UZK38860.1,EAV54_11840,1.29038378,Belongs to the thiolase family,3-oxoadipyl-CoA thiolase,2.64E-286,782,I,paaJ,"K00626,K00632,K02615","Thiolase_C,Thiolase_N", Butanoate metabolism,Ab ATCC 17978
UZK38860.1,EAV54_11840,1.29038378,Belongs to the thiolase family,3-oxoadipyl-CoA thiolase,2.64E-286,782,I,paaJ,"K00626,K00632,K02615","Thiolase_C,Thiolase_N", Other carbon fixation pathways,Ab ATCC 17978
UZK38860.1,EAV54_11840,1.29038378,Belongs to the thiolase family,3-oxoadipyl-CoA thiolase,2.64E-286,782,I,paaJ,"K00626,K00632,K02615","Thiolase_C,Thiolase_N", Terpenoid backbone biosynthesis,Ab ATCC 17978
UZK38860.1,EAV54_11840,1.29038378,Belongs to the thiolase family,3-oxoadipyl-CoA thiolase,2.64E-286,782,I,paaJ,"K00626,K00632,K02615","Thiolase_C,Thiolase_N", Metabolic pathways,Ab ATCC 17978
UZK38860.1,EAV54_11840,1.29038378,Belongs to the thiolase family,3-oxoadipyl-CoA thiolase,2.64E-286,782,I,paaJ,"K00626,K00632,K02615","Thiolase_C,Thiolase_N", Biosynthesis of secondary metabolites,Ab ATCC 17978
UZK38860.1,EAV54_11840,1.29038378,Belongs to the thiolase family,3-oxoadipyl-CoA thiolase,2.64E-286,782,I,paaJ,"K00626,K00632,K02615","Thiolase_C,Thiolase_N", Microbial metabolism in diverse environments,Ab ATCC 17978
UZK38860.1,EAV54_11840,1.29038378,Belongs to the thiolase family,3-oxoadipyl-CoA thiolase,2.64E-286,782,I,paaJ,"K00626,K00632,K02615","Thiolase_C,Thiolase_N", Carbon metabolism,Ab ATCC 17978
UZK38860.1,EAV54_11840,1.29038378,Belongs to the thiolase family,3-oxoadipyl-CoA thiolase,2.64E-286,782,I,paaJ,"K00626,K00632,K02615","Thiolase_C,Thiolase_N", Fatty acid metabolism,Ab ATCC 17978
UZK38860.1,EAV54_11840,1.29038378,Belongs to the thiolase family,3-oxoadipyl-CoA thiolase,2.64E-286,782,I,paaJ,"K00626,K00632,K02615","Thiolase_C,Thiolase_N", Two-component system,Ab ATCC 17978
UZK38860.1,EAV54_11840,1.29038378,Belongs to the thiolase family,3-oxoadipyl-CoA thiolase,2.64E-286,782,I,paaJ,"K00626,K00632,K02615","Thiolase_C,Thiolase_N", Fat digestion and absorption,Ab ATCC 17978
UZK38860.1,EAV54_11840,1.29038378,Belongs to the thiolase family,3-oxoadipyl-CoA thiolase,2.64E-286,782,I,paaJ,"K00626,K00632,K02615","Thiolase_C,Thiolase_N", alpha-Linolenic acid metabolism,Ab ATCC 17978
UZK38860.1,EAV54_11840,1.29038378,Belongs to the thiolase family,3-oxoadipyl-CoA thiolase,2.64E-286,782,I,paaJ,"K00626,K00632,K02615","Thiolase_C,Thiolase_N", Ethylbenzene degradation,Ab ATCC 17978
UZK38860.1,EAV54_11840,1.29038378,Belongs to the thiolase family,3-oxoadipyl-CoA thiolase,2.64E-286,782,I,paaJ,"K00626,K00632,K02615","Thiolase_C,Thiolase_N"," Pinene, camphor and geraniol degradation",Ab ATCC 17978
UZK38860.1,EAV54_11840,1.29038378,Belongs to the thiolase family,3-oxoadipyl-CoA thiolase,2.64E-286,782,I,paaJ,"K00626,K00632,K02615","Thiolase_C,Thiolase_N", Phenylalanine metabolism,Ab ATCC 17978
UZK38861.1,EAV54_11845,1.200532623,"3-hydroxyacyl-CoA dehydrogenase, C-terminal domain",3-hydroxyacyl-CoA dehydrogenase,0,985,I,paaH,K00074,"3HCDH,3HCDH_N",Phenylalanine metabolism,Ab ATCC 17978
UZK38861.1,EAV54_11845,1.200532623,"3-hydroxyacyl-CoA dehydrogenase, C-terminal domain",3-hydroxyacyl-CoA dehydrogenase,0,985,I,paaH,K00074,"3HCDH,3HCDH_N", Benzoate degradation,Ab ATCC 17978
UZK38861.1,EAV54_11845,1.200532623,"3-hydroxyacyl-CoA dehydrogenase, C-terminal domain",3-hydroxyacyl-CoA dehydrogenase,0,985,I,paaH,K00074,"3HCDH,3HCDH_N", Butanoate metabolism,Ab ATCC 17978
UZK38861.1,EAV54_11845,1.200532623,"3-hydroxyacyl-CoA dehydrogenase, C-terminal domain",3-hydroxyacyl-CoA dehydrogenase,0,985,I,paaH,K00074,"3HCDH,3HCDH_N", Metabolic pathways,Ab ATCC 17978
UZK38861.1,EAV54_11845,1.200532623,"3-hydroxyacyl-CoA dehydrogenase, C-terminal domain",3-hydroxyacyl-CoA dehydrogenase,0,985,I,paaH,K00074,"3HCDH,3HCDH_N", Microbial metabolism in diverse environments,Ab ATCC 17978
UZK38861.1,EAV54_11845,1.200532623,"3-hydroxyacyl-CoA dehydrogenase, C-terminal domain",3-hydroxyacyl-CoA dehydrogenase,0,985,I,paaH,K00074,"3HCDH,3HCDH_N", Carbon metabolism,Ab ATCC 17978
UZK38862.1,EAV54_11850,1.144706278,Enoyl-CoA hydratase/isomerase,"2-(1,2-epoxy-1,2-dihydrophenyl)acetyl-CoA isomerase",2.06E-188,523,I,paaG,K15866,ECH_1,Phenylalanine metabolism,Ab ATCC 17978
UZK38862.1,EAV54_11850,1.144706278,Enoyl-CoA hydratase/isomerase,"2-(1,2-epoxy-1,2-dihydrophenyl)acetyl-CoA isomerase",2.06E-188,523,I,paaG,K15866,ECH_1, Metabolic pathways,Ab ATCC 17978
UZK38862.1,EAV54_11850,1.144706278,Enoyl-CoA hydratase/isomerase,"2-(1,2-epoxy-1,2-dihydrophenyl)acetyl-CoA isomerase",2.06E-188,523,I,paaG,K15866,ECH_1, Microbial metabolism in diverse environments,Ab ATCC 17978
UZK38863.1,EAV54_11855,1.262682505,Enoyl-CoA hydratase/isomerase,"2,3-dehydroadipyl-CoA hydratase",1.05E-178,498,I,paaF,K01692,ECH_1,Fatty acid degradation,Ab ATCC 17978
UZK38863.1,EAV54_11855,1.262682505,Enoyl-CoA hydratase/isomerase,"2,3-dehydroadipyl-CoA hydratase",1.05E-178,498,I,paaF,K01692,ECH_1," Valine, leucine and isoleucine degradation",Ab ATCC 17978
UZK38863.1,EAV54_11855,1.262682505,Enoyl-CoA hydratase/isomerase,"2,3-dehydroadipyl-CoA hydratase",1.05E-178,498,I,paaF,K01692,ECH_1, Lysine degradation,Ab ATCC 17978
UZK38863.1,EAV54_11855,1.262682505,Enoyl-CoA hydratase/isomerase,"2,3-dehydroadipyl-CoA hydratase",1.05E-178,498,I,paaF,K01692,ECH_1, Phenylalanine metabolism,Ab ATCC 17978
UZK38863.1,EAV54_11855,1.262682505,Enoyl-CoA hydratase/isomerase,"2,3-dehydroadipyl-CoA hydratase",1.05E-178,498,I,paaF,K01692,ECH_1, Benzoate degradation,Ab ATCC 17978
UZK38863.1,EAV54_11855,1.262682505,Enoyl-CoA hydratase/isomerase,"2,3-dehydroadipyl-CoA hydratase",1.05E-178,498,I,paaF,K01692,ECH_1, Tryptophan metabolism,Ab ATCC 17978
UZK38863.1,EAV54_11855,1.262682505,Enoyl-CoA hydratase/isomerase,"2,3-dehydroadipyl-CoA hydratase",1.05E-178,498,I,paaF,K01692,ECH_1, beta-Alanine metabolism,Ab ATCC 17978
UZK38863.1,EAV54_11855,1.262682505,Enoyl-CoA hydratase/isomerase,"2,3-dehydroadipyl-CoA hydratase",1.05E-178,498,I,paaF,K01692,ECH_1, Aminobenzoate degradation,Ab ATCC 17978
UZK38863.1,EAV54_11855,1.262682505,Enoyl-CoA hydratase/isomerase,"2,3-dehydroadipyl-CoA hydratase",1.05E-178,498,I,paaF,K01692,ECH_1, Propanoate metabolism,Ab ATCC 17978
UZK38863.1,EAV54_11855,1.262682505,Enoyl-CoA hydratase/isomerase,"2,3-dehydroadipyl-CoA hydratase",1.05E-178,498,I,paaF,K01692,ECH_1, Butanoate metabolism,Ab ATCC 17978
UZK38863.1,EAV54_11855,1.262682505,Enoyl-CoA hydratase/isomerase,"2,3-dehydroadipyl-CoA hydratase",1.05E-178,498,I,paaF,K01692,ECH_1," Pinene, camphor and geraniol degradation",Ab ATCC 17978
UZK38863.1,EAV54_11855,1.262682505,Enoyl-CoA hydratase/isomerase,"2,3-dehydroadipyl-CoA hydratase",1.05E-178,498,I,paaF,K01692,ECH_1, Caprolactam degradation,Ab ATCC 17978
UZK38863.1,EAV54_11855,1.262682505,Enoyl-CoA hydratase/isomerase,"2,3-dehydroadipyl-CoA hydratase",1.05E-178,498,I,paaF,K01692,ECH_1, Metabolic pathways,Ab ATCC 17978
UZK38863.1,EAV54_11855,1.262682505,Enoyl-CoA hydratase/isomerase,"2,3-dehydroadipyl-CoA hydratase",1.05E-178,498,I,paaF,K01692,ECH_1, Biosynthesis of secondary metabolites,Ab ATCC 17978
UZK38863.1,EAV54_11855,1.262682505,Enoyl-CoA hydratase/isomerase,"2,3-dehydroadipyl-CoA hydratase",1.05E-178,498,I,paaF,K01692,ECH_1, Microbial metabolism in diverse environments,Ab ATCC 17978
UZK38863.1,EAV54_11855,1.262682505,Enoyl-CoA hydratase/isomerase,"2,3-dehydroadipyl-CoA hydratase",1.05E-178,498,I,paaF,K01692,ECH_1, Fatty acid metabolism,Ab ATCC 17978
UZK38864.1,EAV54_11860,1.10601142,Oxidoreductase FAD-binding domain,phenylacetate-CoA oxygenase/reductase subunit PaaK,1.76E-257,705,C,paaE,K02613,"FAD_binding_6,Fer2,NAD_binding_1",Phenylalanine metabolism,Ab ATCC 17978
UZK38864.1,EAV54_11860,1.10601142,Oxidoreductase FAD-binding domain,phenylacetate-CoA oxygenase/reductase subunit PaaK,1.76E-257,705,C,paaE,K02613,"FAD_binding_6,Fer2,NAD_binding_1", Metabolic pathways,Ab ATCC 17978
UZK38864.1,EAV54_11860,1.10601142,Oxidoreductase FAD-binding domain,phenylacetate-CoA oxygenase/reductase subunit PaaK,1.76E-257,705,C,paaE,K02613,"FAD_binding_6,Fer2,NAD_binding_1", Microbial metabolism in diverse environments,Ab ATCC 17978
UZK38865.1,EAV54_11865,1.033348169,Iron-sulfur cluster assembly protein,phenylacetate-CoA oxygenase subunit PaaJ,5.79E-122,347,S,paaD,K02612,FeS_assembly_P,Phenylalanine metabolism,Ab ATCC 17978
UZK38865.1,EAV54_11865,1.033348169,Iron-sulfur cluster assembly protein,phenylacetate-CoA oxygenase subunit PaaJ,5.79E-122,347,S,paaD,K02612,FeS_assembly_P, Metabolic pathways,Ab ATCC 17978
UZK38865.1,EAV54_11865,1.033348169,Iron-sulfur cluster assembly protein,phenylacetate-CoA oxygenase subunit PaaJ,5.79E-122,347,S,paaD,K02612,FeS_assembly_P, Microbial metabolism in diverse environments,Ab ATCC 17978
UZK38877.1,EAV54_11925,1.094808982,FAD dependent oxidoreductase,FAD-binding oxidoreductase,2.46E-271,741,E,-,K21061,DAO,D-Amino acid metabolism,Ab ATCC 17978
UZK38877.1,EAV54_11925,1.094808982,FAD dependent oxidoreductase,FAD-binding oxidoreductase,2.46E-271,741,E,-,K21061,DAO, Metabolic pathways,Ab ATCC 17978
UZK38966.1,EAV54_12400,1.757736124,Involved in the biosynthesis of lipopolysaccharides (LPSs). Catalyzes the hydrolysis of 3-deoxy-D-manno-octulosonate 8-phosphate (KDO 8-P) to 3-deoxy-D-manno-octulosonate (KDO) and inorganic phosphate,HAD-IIIA family hydrolase,5.66E-124,353,S,kdsC,K03270,Hydrolase_3,Biosynthesis of various nucleotide sugars,Ab ATCC 17978
UZK38966.1,EAV54_12400,1.757736124,Involved in the biosynthesis of lipopolysaccharides (LPSs). Catalyzes the hydrolysis of 3-deoxy-D-manno-octulosonate 8-phosphate (KDO 8-P) to 3-deoxy-D-manno-octulosonate (KDO) and inorganic phosphate,HAD-IIIA family hydrolase,5.66E-124,353,S,kdsC,K03270,Hydrolase_3, Metabolic pathways,Ab ATCC 17978
UZK38966.1,EAV54_12400,1.757736124,Involved in the biosynthesis of lipopolysaccharides (LPSs). Catalyzes the hydrolysis of 3-deoxy-D-manno-octulosonate 8-phosphate (KDO 8-P) to 3-deoxy-D-manno-octulosonate (KDO) and inorganic phosphate,HAD-IIIA family hydrolase,5.66E-124,353,S,kdsC,K03270,Hydrolase_3, Biosynthesis of nucleotide sugars,Ab ATCC 17978
UZK38967.1,EAV54_12405,1.735352261,Arabinose 5-phosphate isomerase,KpsF/GutQ family sugar-phosphate isomerase,3.02E-228,629,M,kdsD,K06041,"CBS,SIS",Biosynthesis of various nucleotide sugars,Ab ATCC 17978
UZK38967.1,EAV54_12405,1.735352261,Arabinose 5-phosphate isomerase,KpsF/GutQ family sugar-phosphate isomerase,3.02E-228,629,M,kdsD,K06041,"CBS,SIS", Metabolic pathways,Ab ATCC 17978
UZK38967.1,EAV54_12405,1.735352261,Arabinose 5-phosphate isomerase,KpsF/GutQ family sugar-phosphate isomerase,3.02E-228,629,M,kdsD,K06041,"CBS,SIS", Biosynthesis of nucleotide sugars,Ab ATCC 17978
UZK39143.1,EAV54_13335,1.083223756,Arginine N-succinyltransferase beta subunit,arginine N-succinyltransferase,1.03E-266,729,E,astA,K00673,AstA,Arginine and proline metabolism,Ab ATCC 17978
UZK39143.1,EAV54_13335,1.083223756,Arginine N-succinyltransferase beta subunit,arginine N-succinyltransferase,1.03E-266,729,E,astA,K00673,AstA, Metabolic pathways,Ab ATCC 17978
UZK39231.1,EAV54_13860,1.162915404,Rubredoxin,rubredoxin,1.47E-38,127,C,rubA,K05297,Rubredoxin,Fatty acid degradation,Ab ATCC 17978
UZK39269.1,EAV54_14075,1.541030912,Specifically catalyzes the NAD or NADP-dependent dehydrogenation of L-aspartate to iminoaspartate,L-aspartate dehydrogenase,3.66E-182,507,H,nadX,K06989,"DUF108,NAD_binding_3",Nicotinate and nicotinamide metabolism,Ab ATCC 17978
UZK39269.1,EAV54_14075,1.541030912,Specifically catalyzes the NAD or NADP-dependent dehydrogenation of L-aspartate to iminoaspartate,L-aspartate dehydrogenase,3.66E-182,507,H,nadX,K06989,"DUF108,NAD_binding_3", Metabolic pathways,Ab ATCC 17978
UZK39269.1,EAV54_14075,1.541030912,Specifically catalyzes the NAD or NADP-dependent dehydrogenation of L-aspartate to iminoaspartate,L-aspartate dehydrogenase,3.66E-182,507,H,nadX,K06989,"DUF108,NAD_binding_3", Biosynthesis of cofactors,Ab ATCC 17978
UZK39380.1,EAV54_14685,1.415779868,Catalyzes the phosphorylation of the position 2 hydroxy group of 4-diphosphocytidyl-2C-methyl-D-erythritol,4-diphosphocytidyl-2C-methyl-D-erythritol kinase,3.08E-206,569,F,ispE,K00919,"GHMP_kinases_C,GHMP_kinases_N",Terpenoid backbone biosynthesis,Ab ATCC 17978
UZK39380.1,EAV54_14685,1.415779868,Catalyzes the phosphorylation of the position 2 hydroxy group of 4-diphosphocytidyl-2C-methyl-D-erythritol,4-diphosphocytidyl-2C-methyl-D-erythritol kinase,3.08E-206,569,F,ispE,K00919,"GHMP_kinases_C,GHMP_kinases_N", Metabolic pathways,Ab ATCC 17978
UZK39380.1,EAV54_14685,1.415779868,Catalyzes the phosphorylation of the position 2 hydroxy group of 4-diphosphocytidyl-2C-methyl-D-erythritol,4-diphosphocytidyl-2C-methyl-D-erythritol kinase,3.08E-206,569,F,ispE,K00919,"GHMP_kinases_C,GHMP_kinases_N", Biosynthesis of secondary metabolites,Ab ATCC 17978
UZK39407.1,EAV54_14850,1.24584412,"Iron-storage protein, whose ferroxidase center binds Fe(2 ) ions, oxidizes them by dioxygen to Fe(3 ), and participates in the subsequent Fe(3 ) oxide mineral core formation within the central cavity of the protein complex",bacterioferritin,2.15E-109,314,P,bfrA,K03594,Ferritin,Porphyrin metabolism,Ab ATCC 17978
UZK39601.1,EAV54_15960,5.095818217,"Part of the tripartite efflux system MacAB-TolC. MacB is a non-canonical ABC transporter that contains transmembrane domains (TMD), which form a pore in the inner membrane, and an ATP-binding domain (NBD), which is responsible for energy generation. Confers resistance against macrolides",MacB family efflux pump subunit,0,1236,V,macB,K05685,"ABC_tran,FtsX,MacB_PCD",ABC transporters,Ab ATCC 17978
UZK39609.1,EAV54_16005,1.077845186,Belongs to the P-Pant transferase superfamily,4'-phosphopantetheinyl transferase superfamily protein,1.95E-141,400,H,Z012_08070,K06133,ACPS,Pantothenate and CoA biosynthesis,Ab ATCC 17978
UZK39609.1,EAV54_16005,1.077845186,Belongs to the P-Pant transferase superfamily,4'-phosphopantetheinyl transferase superfamily protein,1.95E-141,400,H,Z012_08070,K06133,ACPS, Metabolic pathways,Ab ATCC 17978
UZK39611.1,EAV54_16015,1.910382582,Catalyzes the condensation reaction of fatty acid synthesis by the addition to an acyl acceptor of two carbons from malonyl-ACP,beta-ketoacyl-ACP synthase,8.66E-295,804,I,fabF,K09458,"Ketoacyl-synt_C,ketoacyl-synt",Fatty acid biosynthesis,Ab ATCC 17978
UZK39611.1,EAV54_16015,1.910382582,Catalyzes the condensation reaction of fatty acid synthesis by the addition to an acyl acceptor of two carbons from malonyl-ACP,beta-ketoacyl-ACP synthase,8.66E-295,804,I,fabF,K09458,"Ketoacyl-synt_C,ketoacyl-synt", Biotin metabolism,Ab ATCC 17978
UZK39611.1,EAV54_16015,1.910382582,Catalyzes the condensation reaction of fatty acid synthesis by the addition to an acyl acceptor of two carbons from malonyl-ACP,beta-ketoacyl-ACP synthase,8.66E-295,804,I,fabF,K09458,"Ketoacyl-synt_C,ketoacyl-synt", Metabolic pathways,Ab ATCC 17978
UZK39611.1,EAV54_16015,1.910382582,Catalyzes the condensation reaction of fatty acid synthesis by the addition to an acyl acceptor of two carbons from malonyl-ACP,beta-ketoacyl-ACP synthase,8.66E-295,804,I,fabF,K09458,"Ketoacyl-synt_C,ketoacyl-synt", Fatty acid metabolism,Ab ATCC 17978
UZK39611.1,EAV54_16015,1.910382582,Catalyzes the condensation reaction of fatty acid synthesis by the addition to an acyl acceptor of two carbons from malonyl-ACP,beta-ketoacyl-ACP synthase,8.66E-295,804,I,fabF,K09458,"Ketoacyl-synt_C,ketoacyl-synt", Biosynthesis of cofactors,Ab ATCC 17978
UZK39612.1,EAV54_16020,2.059757338,KR domain,3-oxoacyl-ACP reductase FabG,3.12E-163,457,IQ,fabG,K00059,adh_short_C2,Fatty acid biosynthesis,Ab ATCC 17978
UZK39612.1,EAV54_16020,2.059757338,KR domain,3-oxoacyl-ACP reductase FabG,3.12E-163,457,IQ,fabG,K00059,adh_short_C2, Prodigiosin biosynthesis,Ab ATCC 17978
UZK39612.1,EAV54_16020,2.059757338,KR domain,3-oxoacyl-ACP reductase FabG,3.12E-163,457,IQ,fabG,K00059,adh_short_C2, Biotin metabolism,Ab ATCC 17978
UZK39612.1,EAV54_16020,2.059757338,KR domain,3-oxoacyl-ACP reductase FabG,3.12E-163,457,IQ,fabG,K00059,adh_short_C2, Metabolic pathways,Ab ATCC 17978
UZK39612.1,EAV54_16020,2.059757338,KR domain,3-oxoacyl-ACP reductase FabG,3.12E-163,457,IQ,fabG,K00059,adh_short_C2, Biosynthesis of secondary metabolites,Ab ATCC 17978
UZK39612.1,EAV54_16020,2.059757338,KR domain,3-oxoacyl-ACP reductase FabG,3.12E-163,457,IQ,fabG,K00059,adh_short_C2, Fatty acid metabolism,Ab ATCC 17978
UZK39612.1,EAV54_16020,2.059757338,KR domain,3-oxoacyl-ACP reductase FabG,3.12E-163,457,IQ,fabG,K00059,adh_short_C2, Biosynthesis of cofactors,Ab ATCC 17978
UZK39614.1,EAV54_16030,2.304578792,"Beta-ketoacyl synthase, C-terminal domain",beta-ketoacyl-[acyl-carrier-protein] synthase family protein,4.01E-280,766,IQ,fabF2,K00647,"Ketoacyl-synt_C,ketoacyl-synt",Fatty acid biosynthesis,Ab ATCC 17978
UZK39614.1,EAV54_16030,2.304578792,"Beta-ketoacyl synthase, C-terminal domain",beta-ketoacyl-[acyl-carrier-protein] synthase family protein,4.01E-280,766,IQ,fabF2,K00647,"Ketoacyl-synt_C,ketoacyl-synt", Biotin metabolism,Ab ATCC 17978
UZK39614.1,EAV54_16030,2.304578792,"Beta-ketoacyl synthase, C-terminal domain",beta-ketoacyl-[acyl-carrier-protein] synthase family protein,4.01E-280,766,IQ,fabF2,K00647,"Ketoacyl-synt_C,ketoacyl-synt", Metabolic pathways,Ab ATCC 17978
UZK39614.1,EAV54_16030,2.304578792,"Beta-ketoacyl synthase, C-terminal domain",beta-ketoacyl-[acyl-carrier-protein] synthase family protein,4.01E-280,766,IQ,fabF2,K00647,"Ketoacyl-synt_C,ketoacyl-synt", Fatty acid metabolism,Ab ATCC 17978
UZK39614.1,EAV54_16030,2.304578792,"Beta-ketoacyl synthase, C-terminal domain",beta-ketoacyl-[acyl-carrier-protein] synthase family protein,4.01E-280,766,IQ,fabF2,K00647,"Ketoacyl-synt_C,ketoacyl-synt", Biosynthesis of cofactors,Ab ATCC 17978
UZK39619.1,EAV54_16060,2.085362077,histidine ammonia-lyase activity,aromatic amino acid lyase,0,999,E,hutH,K01745,Lyase_aromatic,Histidine metabolism,Ab ATCC 17978
UZK39619.1,EAV54_16060,2.085362077,histidine ammonia-lyase activity,aromatic amino acid lyase,0,999,E,hutH,K01745,Lyase_aromatic, Metabolic pathways,Ab ATCC 17978
UZK39624.1,EAV54_16085,5.88706347,Carrier of the growing fatty acid chain in fatty acid biosynthesis,acyl carrier protein,6.07E-49,156,IQ,acpP2,K02078,PP-binding,Biosynthesis of various antibiotics,Ab ATCC 17978
UZK39624.1,EAV54_16085,5.88706347,Carrier of the growing fatty acid chain in fatty acid biosynthesis,acyl carrier protein,6.07E-49,156,IQ,acpP2,K02078,PP-binding," Including: Kanosamine biosynthesis, Aurachin biosynthesis, Bacilysin biosynthesis, Puromycin biosynthesis, Dapdiamides biosynthesis, Fosfomycin biosynthesis, Cremeomycin biosynthesis, Fumagillin biosynthesis, Pentalenolactone biosynthesis, Terpentecin biosynthesis, Roseoflavin biosynthesis, Cycloserine biosynthesis",Ab ATCC 17978
UZK39624.1,EAV54_16085,5.88706347,Carrier of the growing fatty acid chain in fatty acid biosynthesis,acyl carrier protein,6.07E-49,156,IQ,acpP2,K02078,PP-binding, Metabolic pathways,Ab ATCC 17978
UZK39624.1,EAV54_16085,5.88706347,Carrier of the growing fatty acid chain in fatty acid biosynthesis,acyl carrier protein,6.07E-49,156,IQ,acpP2,K02078,PP-binding, Biosynthesis of secondary metabolites,Ab ATCC 17978
UZK39625.1,EAV54_16090,3.163836781,Phosphopantetheine attachment site,acyl carrier protein,7.28E-51,161,IQ,RS00794,K02078,PP-binding,Biosynthesis of various antibiotics,Ab ATCC 17978
UZK39625.1,EAV54_16090,3.163836781,Phosphopantetheine attachment site,acyl carrier protein,7.28E-51,161,IQ,RS00794,K02078,PP-binding," Including: Kanosamine biosynthesis, Aurachin biosynthesis, Bacilysin biosynthesis, Puromycin biosynthesis, Dapdiamides biosynthesis, Fosfomycin biosynthesis, Cremeomycin biosynthesis, Fumagillin biosynthesis, Pentalenolactone biosynthesis, Terpentecin biosynthesis, Roseoflavin biosynthesis, Cycloserine biosynthesis",Ab ATCC 17978
UZK39625.1,EAV54_16090,3.163836781,Phosphopantetheine attachment site,acyl carrier protein,7.28E-51,161,IQ,RS00794,K02078,PP-binding, Metabolic pathways,Ab ATCC 17978
UZK39625.1,EAV54_16090,3.163836781,Phosphopantetheine attachment site,acyl carrier protein,7.28E-51,161,IQ,RS00794,K02078,PP-binding, Biosynthesis of secondary metabolites,Ab ATCC 17978
UZK39716.1,EAV54_16585,1.062822189,Bifunctional enzyme with both catalase and broad- spectrum peroxidase activity,catalase/peroxidase HPI,0,1445,P,katG,K03782,peroxidase,Phenylalanine metabolism,Ab ATCC 17978
UZK39716.1,EAV54_16585,1.062822189,Bifunctional enzyme with both catalase and broad- spectrum peroxidase activity,catalase/peroxidase HPI,0,1445,P,katG,K03782,peroxidase, Tryptophan metabolism,Ab ATCC 17978
UZK39716.1,EAV54_16585,1.062822189,Bifunctional enzyme with both catalase and broad- spectrum peroxidase activity,catalase/peroxidase HPI,0,1445,P,katG,K03782,peroxidase, Phenylpropanoid biosynthesis,Ab ATCC 17978
UZK39716.1,EAV54_16585,1.062822189,Bifunctional enzyme with both catalase and broad- spectrum peroxidase activity,catalase/peroxidase HPI,0,1445,P,katG,K03782,peroxidase, Drug metabolism - other enzymes,Ab ATCC 17978
UZK39716.1,EAV54_16585,1.062822189,Bifunctional enzyme with both catalase and broad- spectrum peroxidase activity,catalase/peroxidase HPI,0,1445,P,katG,K03782,peroxidase, Metabolic pathways,Ab ATCC 17978
UZK39716.1,EAV54_16585,1.062822189,Bifunctional enzyme with both catalase and broad- spectrum peroxidase activity,catalase/peroxidase HPI,0,1445,P,katG,K03782,peroxidase, Biosynthesis of secondary metabolites,Ab ATCC 17978
UZK39725.1,EAV54_16635,1.753076082,AMP-binding enzyme C-terminal domain,long-chain-acyl-CoA synthetase,0,1236,IQ,-,"K02182,K13776","AMP-binding,AMP-binding_C","Pinene, camphor and geraniol degradation",Ab ATCC 17978
UZK39725.1,EAV54_16635,1.753076082,AMP-binding enzyme C-terminal domain,long-chain-acyl-CoA synthetase,0,1236,IQ,-,"K02182,K13776","AMP-binding,AMP-binding_C", Microbial metabolism in diverse environments,Ab ATCC 17978
UZK39733.1,EAV54_16690,1.099833812,Ribosomal protein L31,50S ribosomal protein L31 type B,9.64E-55,171,J,rpmE2,K02909,Ribosomal_L31,Ribosome,Ab ATCC 17978
UZK39847.1,EAV54_17325,1.105463893,LytTr DNA-binding domain,DNA-binding response regulator,1.33E-171,479,KT,algR,K08083,"LytTR,Response_reg",Two-component system,Ab ATCC 17978
UZK40265.1,EAV54_17675,3.088568707,Belongs to the LOG family,TIGR00730 family Rossman fold protein,1.89E-141,399,S,-,K06966,Lysine_decarbox,Purine metabolism,Ab ATCC 17978
UZK40265.1,EAV54_17675,3.088568707,Belongs to the LOG family,TIGR00730 family Rossman fold protein,1.89E-141,399,S,-,K06966,Lysine_decarbox, Pyrimidine metabolism,Ab ATCC 17978
UZK40265.1,EAV54_17675,3.088568707,Belongs to the LOG family,TIGR00730 family Rossman fold protein,1.89E-141,399,S,-,K06966,Lysine_decarbox, Metabolic pathways,Ab ATCC 17978
UZK40265.1,EAV54_17675,3.088568707,Belongs to the LOG family,TIGR00730 family Rossman fold protein,1.89E-141,399,S,-,K06966,Lysine_decarbox, Nucleotide metabolism,Ab ATCC 17978
UZK40014.1,EAV54_18250,2.086644211,Catalyzes the isomerization of citrate to isocitrate via cis-aconitate,Fe/S-dependent 2-methylisocitrate dehydratase AcnD,0,1725,C,acnD,"K01681,K20455","Aconitase,Aconitase_C",Citrate cycle (TCA cycle),Ab ATCC 17978
UZK40014.1,EAV54_18250,2.086644211,Catalyzes the isomerization of citrate to isocitrate via cis-aconitate,Fe/S-dependent 2-methylisocitrate dehydratase AcnD,0,1725,C,acnD,"K01681,K20455","Aconitase,Aconitase_C", Glyoxylate and dicarboxylate metabolism,Ab ATCC 17978
UZK40014.1,EAV54_18250,2.086644211,Catalyzes the isomerization of citrate to isocitrate via cis-aconitate,Fe/S-dependent 2-methylisocitrate dehydratase AcnD,0,1725,C,acnD,"K01681,K20455","Aconitase,Aconitase_C", Other carbon fixation pathways,Ab ATCC 17978
UZK40014.1,EAV54_18250,2.086644211,Catalyzes the isomerization of citrate to isocitrate via cis-aconitate,Fe/S-dependent 2-methylisocitrate dehydratase AcnD,0,1725,C,acnD,"K01681,K20455","Aconitase,Aconitase_C", Metabolic pathways,Ab ATCC 17978
UZK40014.1,EAV54_18250,2.086644211,Catalyzes the isomerization of citrate to isocitrate via cis-aconitate,Fe/S-dependent 2-methylisocitrate dehydratase AcnD,0,1725,C,acnD,"K01681,K20455","Aconitase,Aconitase_C", Biosynthesis of secondary metabolites,Ab ATCC 17978
UZK40014.1,EAV54_18250,2.086644211,Catalyzes the isomerization of citrate to isocitrate via cis-aconitate,Fe/S-dependent 2-methylisocitrate dehydratase AcnD,0,1725,C,acnD,"K01681,K20455","Aconitase,Aconitase_C", Microbial metabolism in diverse environments,Ab ATCC 17978
UZK40014.1,EAV54_18250,2.086644211,Catalyzes the isomerization of citrate to isocitrate via cis-aconitate,Fe/S-dependent 2-methylisocitrate dehydratase AcnD,0,1725,C,acnD,"K01681,K20455","Aconitase,Aconitase_C", Carbon metabolism,Ab ATCC 17978
UZK40014.1,EAV54_18250,2.086644211,Catalyzes the isomerization of citrate to isocitrate via cis-aconitate,Fe/S-dependent 2-methylisocitrate dehydratase AcnD,0,1725,C,acnD,"K01681,K20455","Aconitase,Aconitase_C", 2-Oxocarboxylic acid metabolism,Ab ATCC 17978
UZK40014.1,EAV54_18250,2.086644211,Catalyzes the isomerization of citrate to isocitrate via cis-aconitate,Fe/S-dependent 2-methylisocitrate dehydratase AcnD,0,1725,C,acnD,"K01681,K20455","Aconitase,Aconitase_C", Biosynthesis of amino acids,Ab ATCC 17978
UZK40014.1,EAV54_18250,2.086644211,Catalyzes the isomerization of citrate to isocitrate via cis-aconitate,Fe/S-dependent 2-methylisocitrate dehydratase AcnD,0,1725,C,acnD,"K01681,K20455","Aconitase,Aconitase_C", Propanoate metabolism,Ab ATCC 17978
UZK40015.1,EAV54_18255,2.155892119,Belongs to the citrate synthase family,2-methylcitrate synthase,6.41E-283,772,C,prpC,K01659,Citrate_synt,Citrate cycle (TCA cycle),Ab ATCC 17978
UZK40015.1,EAV54_18255,2.155892119,Belongs to the citrate synthase family,2-methylcitrate synthase,6.41E-283,772,C,prpC,K01659,Citrate_synt, Glyoxylate and dicarboxylate metabolism,Ab ATCC 17978
UZK40015.1,EAV54_18255,2.155892119,Belongs to the citrate synthase family,2-methylcitrate synthase,6.41E-283,772,C,prpC,K01659,Citrate_synt, Propanoate metabolism,Ab ATCC 17978
UZK40015.1,EAV54_18255,2.155892119,Belongs to the citrate synthase family,2-methylcitrate synthase,6.41E-283,772,C,prpC,K01659,Citrate_synt, Metabolic pathways,Ab ATCC 17978
UZK40015.1,EAV54_18255,2.155892119,Belongs to the citrate synthase family,2-methylcitrate synthase,6.41E-283,772,C,prpC,K01659,Citrate_synt, Biosynthesis of secondary metabolites,Ab ATCC 17978
UZK40015.1,EAV54_18255,2.155892119,Belongs to the citrate synthase family,2-methylcitrate synthase,6.41E-283,772,C,prpC,K01659,Citrate_synt, Microbial metabolism in diverse environments,Ab ATCC 17978
UZK40015.1,EAV54_18255,2.155892119,Belongs to the citrate synthase family,2-methylcitrate synthase,6.41E-283,772,C,prpC,K01659,Citrate_synt, Carbon metabolism,Ab ATCC 17978
UZK40015.1,EAV54_18255,2.155892119,Belongs to the citrate synthase family,2-methylcitrate synthase,6.41E-283,772,C,prpC,K01659,Citrate_synt, 2-Oxocarboxylic acid metabolism,Ab ATCC 17978
UZK40015.1,EAV54_18255,2.155892119,Belongs to the citrate synthase family,2-methylcitrate synthase,6.41E-283,772,C,prpC,K01659,Citrate_synt, Biosynthesis of amino acids,Ab ATCC 17978
UZK40016.1,EAV54_18260,2.459111013,"Catalyzes the thermodynamically favored C-C bond cleavage of (2R,3S)-2-methylisocitrate to yield pyruvate and succinate",methylisocitrate lyase,1.57E-203,564,G,prpB,K03417,PEP_mutase,Propanoate metabolism,Ab ATCC 17978
UZK40016.1,EAV54_18260,2.459111013,"Catalyzes the thermodynamically favored C-C bond cleavage of (2R,3S)-2-methylisocitrate to yield pyruvate and succinate",methylisocitrate lyase,1.57E-203,564,G,prpB,K03417,PEP_mutase, Metabolic pathways,Ab ATCC 17978
UZK40016.1,EAV54_18260,2.459111013,"Catalyzes the thermodynamically favored C-C bond cleavage of (2R,3S)-2-methylisocitrate to yield pyruvate and succinate",methylisocitrate lyase,1.57E-203,564,G,prpB,K03417,PEP_mutase, Microbial metabolism in diverse environments,Ab ATCC 17978
UZK40016.1,EAV54_18260,2.459111013,"Catalyzes the thermodynamically favored C-C bond cleavage of (2R,3S)-2-methylisocitrate to yield pyruvate and succinate",methylisocitrate lyase,1.57E-203,564,G,prpB,K03417,PEP_mutase, Carbon metabolism,Ab ATCC 17978
UZK40048.1,EAV54_18420,2.529154648,Belongs to the NadC ModD family,carboxylating nicotinate-nucleotide diphosphorylase,3.28E-194,539,H,nadC,K00767,"QRPTase_C,QRPTase_N",Nicotinate and nicotinamide metabolism,Ab ATCC 17978
UZK40048.1,EAV54_18420,2.529154648,Belongs to the NadC ModD family,carboxylating nicotinate-nucleotide diphosphorylase,3.28E-194,539,H,nadC,K00767,"QRPTase_C,QRPTase_N", Metabolic pathways,Ab ATCC 17978
UZK40048.1,EAV54_18420,2.529154648,Belongs to the NadC ModD family,carboxylating nicotinate-nucleotide diphosphorylase,3.28E-194,539,H,nadC,K00767,"QRPTase_C,QRPTase_N", Biosynthesis of cofactors,Ab ATCC 17978
UZK40055.1,EAV54_18460,2.434127057,Thiol disulfide interchange protein,thiol:disulfide interchange protein DsbA/DsbL,6.44E-145,408,O,dsbA,K03673,DSBA,Cationic antimicrobial peptide (CAMP) resistance,Ab ATCC 17978
UZK40060.1,EAV54_18490,3.458149405,Belongs to the acetyltransferase family. ArgA subfamily,amino-acid N-acetyltransferase,0,907,E,argA,K14682,"AA_kinase,Acetyltransf_1",Arginine biosynthesis,Ab ATCC 17978
UZK40060.1,EAV54_18490,3.458149405,Belongs to the acetyltransferase family. ArgA subfamily,amino-acid N-acetyltransferase,0,907,E,argA,K14682,"AA_kinase,Acetyltransf_1", Metabolic pathways,Ab ATCC 17978
UZK40060.1,EAV54_18490,3.458149405,Belongs to the acetyltransferase family. ArgA subfamily,amino-acid N-acetyltransferase,0,907,E,argA,K14682,"AA_kinase,Acetyltransf_1", Biosynthesis of secondary metabolites,Ab ATCC 17978
UZK40060.1,EAV54_18490,3.458149405,Belongs to the acetyltransferase family. ArgA subfamily,amino-acid N-acetyltransferase,0,907,E,argA,K14682,"AA_kinase,Acetyltransf_1", 2-Oxocarboxylic acid metabolism,Ab ATCC 17978
UZK40060.1,EAV54_18490,3.458149405,Belongs to the acetyltransferase family. ArgA subfamily,amino-acid N-acetyltransferase,0,907,E,argA,K14682,"AA_kinase,Acetyltransf_1", Biosynthesis of amino acids,Ab ATCC 17978
UZK40275.1,EAV54_18645,1.588972793,Lytic murein transglycosylase,lytic murein transglycosylase,6.36E-294,803,M,-,"K01792,K08305","Aldose_epim,PG_binding_1,SLT_2",Glycolysis / Gluconeogenesis,Ab ATCC 17978
UZK40275.1,EAV54_18645,1.588972793,Lytic murein transglycosylase,lytic murein transglycosylase,6.36E-294,803,M,-,"K01792,K08305","Aldose_epim,PG_binding_1,SLT_2", Metabolic pathways,Ab ATCC 17978
UZK40275.1,EAV54_18645,1.588972793,Lytic murein transglycosylase,lytic murein transglycosylase,6.36E-294,803,M,-,"K01792,K08305","Aldose_epim,PG_binding_1,SLT_2", Biosynthesis of secondary metabolites,Ab ATCC 17978
UZK40275.1,EAV54_18645,1.588972793,Lytic murein transglycosylase,lytic murein transglycosylase,6.36E-294,803,M,-,"K01792,K08305","Aldose_epim,PG_binding_1,SLT_2", Microbial metabolism in diverse environments,Ab ATCC 17978
